team_name,PD,MoV,SoS,SRS,OSRS,DSRS,Rnktmosns,Yds,Ply,YP,TO,FL,FirstD,Cmp,Att,RnYds,TD,Int,NYAs,FrstDPerPass,RushAtt,RushYdsGnd,RuhingShutD,RshYdspAt,Fstdns,Penalties,Yards,FirstDownsP,Sc,Tos,EXPByOffense,RankByPassingoffense,PassesCompleted,PassesAttempted,PercentageOfPassesCompleted,YdsgainedByPassing,Tds,TDPercentage,Interceptionsthrown,InterceptionsThrownedPercentage,LngstCompletedPassthrown,YardsgainedByPassAttempt,Adugestedyardagained,YardsGainedPerpassCompletion,YardsgainedperPlayedGame,Rating,Timessacked,YdsLostDueToSacks,NYPerPassattempt,AdjustedNYA,SkPercentage,FourQC,GWDByQuarterBacks,ExpectedPointsContributedByPassingOffense,RkByRushingOffense,AttemptsRushing,YdsgainedRushing,TdsRsh,LngstRshAtt,YARsh,YdaPG,Fmbles,EXPPByRshoffense,RkByKickPuntReturns,Rets,PuntsReturnYardage,PuntsreturnedPreTD,LngstPuntRet,YdsgainedPerPuntReturs,KickOffReturns,YardageForKickoffReturns,KickOffReturnsForTD,LngstKickOffReturn,YperRT,AllPurposeYards,RkByKickingPunting,FGAtwenties,FGMtwenties,FGAthirties,FGMthirties,FGAfourties,FGMfourties,FGAfifryplus,FGMfiftyplus,FGAtot,FGMtot,XPAttempted,XPMade,PntTimes,TotPuntYardage,LngstPnt,Blcks,YperPunts,RnkByScoringOffense,RshTD,RecTD,AllTD,TwoPA,XpointsMade,XpointsAttempted,TotalFGM,TotalFGA,Sfty,PtsByAllMeans,PtsPerG,RkByDrives,NumberofDrives,PlaysInDrive,ScPercntge,PercenntageOfDrivesEndingInOffensiveTurnover,AvgPlays,NtsYdsPD,AvgPtsScored,TD1,TD2,TD3,TD4,TD5,TD6,TD7,TD8,TD9,TD10,TD11,TD12,TD13,TD14,TD15,TD16,TD17,TD18,TD19,TD20,TD21,TD22,TD23,TD24,TD25,TD26,PD1,PD2,PD3,PD4,PD5,PD6,PD7,PD8,PD9,PD10,PD11,PD12,PD13,PD14,PD15,PD16,PD17,PD18,PD19,PD20,RDA,RDB,RDC,RDD,RDE,RDF,RDG,PKA,PKB,PKC,PKD,PKE,PKF,PKG,PKH,PKI,KPA,KPB,KPC,KPD,KPF,KPG,SDA,SDB,SDC,SDD,SDE,SDF,ADG,SDH,ADI,DAA,DAB,DAC,DAD,DAE,DAF,DAG,DAH
Arizona Cardinals,176,10.7,1.3,12,9,3.4,2,6901,6.3,6.3,24,11,373,353,603,4616,35,13,7.8,237,471,1957,16,4.2,92,94,784,44,42.5,11.8,171.73,2,378,603,62.8,4944,35,6.2,13,2.3,68,8.5,8.7,13.5,288.5,100.9,30,180,7.8,8,4.6,1,4,217.44,8,452,1917,16,63,4.2,119.8,23,-24.98,17,39,289,0,38,7.4,32,771,1,108,24.1,7752,10,12,12,9,9,7,6,2,0,31,28,58,53,61,2575,58,1,42.2,2,16,35,58,0,53,58,28,31,2,489,30.6,15,186,1073,42.5,11.8,5.8,35.1,2.37,8,313,5147,982,5.2,33,14,284,343,573,3687,24,19,6.1,177,373,1460,9,3.9,79,130,1202,28,31.7,16.7,57.94,8,343,573,59.9,3687,24,4.2,19,3.3,6.9,6.3,11.5,230.4,80.9,36,270,6.1,5.4,5.9,-11.05,6,373,1460,9,3.9,91.3,59.63,15,25,295,0,11.8,49,1191,0,24.3,23,27,26,29,27,78,31,9,24,27,29,26,27,313,19.6,15,186,1010,31.7,16.7,5.4,27.6,1.66
Atlanta Falcons,-6,-0.4,-3.4,-3.8,-4,0.3,21,5988,5.6,5.6,30,13,359,410,621,4382,21,17,6.7,230,421,1606,13,3.8,95,100,969,34,34.5,17.2,60.21,6,410,621,66,4382,21,3.4,17,2.7,70,7.4,6.9,11.2,273.9,87.8,32,220,6.7,6.2,4.9,4,4,132.47,19,421,1606,13,46,3.8,100.4,26,-62.96,29,27,255,0,41,9.4,26,667,0,50,25.7,7130,32,6,6,8,7,13,8,3,3,31,25,34,34,59,2736,69,1,46.4,21,13,21,38,3,34,34,25,31,0,339,21.2,30,174,1104,34.5,17.2,6.3,34.2,1.84,14,345,5562,996,5.6,23,8,335,370,561,3882,19,15,6.7,197,416,1680,20,4,107,95,728,31,34.3,13.4,-53.03,18,370,561,66,3882,19,3.4,15,2.7,7.1,6.6,10.8,242.6,86.9,19,117,6.7,6.2,3.3,-87.55,14,416,1680,20,4,105,26.97,4,28,272,0,9.7,22,599,0,27.2,1,26,20,39,39,65,12,20,19,39,39,20,26,345,21.6,1,172,1022,34.3,13.4,5.9,32.3,1.94
Baltimore Ravens,-73,-4.6,2.6,-1.9,-0.7,-1.2,25,5749,5.3,5.3,28,7,323,426,676,4271,21,21,6.1,211,383,1478,8,3.9,89,122,1153,23,33.3,14,-42.02,8,426,676,63,4271,21,3.1,21,3.1,50,6.6,5.8,10.4,266.9,79.4,24,178,6.1,5.4,3.4,3,3,8.6,26,383,1478,8,44,3.9,92.4,13,-46.34,11,40,450,1,82,11.3,34,857,0,50,25.2,7234,19,10,10,9,9,11,10,10,4,40,33,29,29,74,3454,67,0,46.7,25,8,21,33,4,29,29,33,40,0,328,20.5,18,186,1123,33.3,14,6,30.8,1.62,24,401,5398,1000,5.4,14,8,311,350,545,3737,30,6,6.4,189,418,1661,10,4,80,103,748,42,37.4,7,-87.67,10,350,545,64.2,3737,30,5.5,6,1.1,7.3,7.9,11.3,233.6,99.6,37,220,6.4,7,6.4,-132.61,12,418,1661,10,4,103.8,28.52,21,35,176,0,5,9,229,0,25.4,14,36,30,40,37,81,8,10,30,37,40,30,36,401,25.1,18,187,1036,37.4,7,5.5,28.8,1.98
Buffalo Bills,20,1.3,-1.2,0,0.3,-0.2,12,5775,5.7,5.7,19,10,297,295,465,3343,23,9,6.6,155,509,2432,19,4.8,122,143,1249,20,34.9,8.6,49.56,28,295,465,63.4,3343,23,4.9,9,1.9,63,7.7,7.9,12.2,208.9,95.6,42,257,6.6,6.7,8.3,1,2,40.27,1,509,2432,19,60,4.8,152,28,19.54,16,31,232,0,27,7.5,41,772,0,32,18.8,7036,12,5,5,9,8,8,7,5,3,27,23,40,34,82,3803,65,0,46.4,12,19,23,45,5,34,40,23,27,1,379,23.7,16,186,1043,34.9,8.6,5.6,31,1.95,15,359,5702,1017,5.6,25,8,322,347,602,3972,30,17,6.4,198,394,1730,10,4.4,87,113,906,37,32.5,11,-49.07,19,347,602,57.6,3972,30,5,17,2.8,6.8,6.5,11.8,248.3,83.3,21,125,6.4,6.1,3.4,-54.15,16,394,1730,10,4.4,108.1,-3.65,20,40,353,0,8.8,40,688,0,17.2,20,27,22,37,33,75,21,10,30,33,37,22,27,359,22.4,22,191,1044,32.5,11,5.5,29.7,1.81
Carolina Panthers,199,11.7,-3.9,7.8,6,2.1,1,6166,5.5,5.5,19,9,357,300,524,3589,35,10,6.7,197,567,2426,19,4.3,136,106,912,24,42.9,9.6,122.36,24,316,524,60.3,3740,35,7,10,2,74,7.7,8.2,12.9,224.3,99,34,294,6.7,7.2,6.2,3,4,111.17,2,526,2282,19,47,4.3,142.6,12,7.87,30,30,282,0,37,9.4,22,407,0,33,18.5,6844,1,10,10,5,4,16,13,4,2,36,30,59,56,70,3177,65,0,45.4,1,19,35,59,0,56,59,30,36,0,500,31.3,5,198,1097,42.9,9.6,5.5,29.9,2.4,6,308,5167,1058,4.9,39,15,298,390,650,3752,21,24,5.4,198,364,1415,11,3.9,74,99,822,26,26.5,19.4,74.33,11,390,650,60,3752,21,3.2,24,3.7,6.2,5.2,10.4,234.5,73.5,44,302,5.4,4.5,6.3,40.73,4,364,1415,11,3.9,88.4,32.12,3,37,288,1,7.8,34,905,1,26.6,32,26,20,30,28,78,32,11,21,28,30,20,26,308,19.3,28,196,1084,26.5,19.4,5.5,26.2,1.45
Chicago Bears,-62,-3.9,2.6,-1.3,-0.1,-1.2,23,5517,5.4,5.4,21,9,312,334,523,3663,21,12,6.6,177,468,1854,13,4,108,99,909,27,37.4,11.2,23.83,23,334,523,63.9,3663,21,4,12,2.3,87,7.3,7.1,11.5,228.9,89.7,33,180,6.6,6.4,5.9,4,4,49.93,11,468,1854,13,27,4,115.9,20,-20.72,23,31,242,0,34,7.8,33,892,0,74,27,6831,23,8,8,12,10,9,7,9,7,39,33,29,28,74,3234,72,1,43.7,23,13,21,34,5,28,29,33,39,0,335,20.9,25,179,1064,37.4,11.2,5.9,30.7,1.88,20,397,5527,981,5.6,17,9,307,322,513,3593,31,8,6.6,182,433,1934,9,4.5,103,98,895,22,36.6,8,-87.45,4,322,513,62.8,3593,31,6,8,1.6,7.5,8,11.9,224.6,99.1,35,237,6.6,7,6.4,-101.61,23,433,1934,9,4.5,120.9,8.7,10,30,229,1,7.6,39,983,2,25.2,12,28,24,46,43,74,10,9,31,43,46,24,28,397,24.8,3,175,1008,36.6,8,5.8,31.4,2.01
Cincinnati Bengals,140,8.8,1.9,10.6,4.8,5.8,7,5728,5.7,5.7,17,8,324,334,505,3923,31,9,7.3,191,467,1805,18,3.9,99,111,917,34,39.6,9.3,97.28,15,334,505,66.1,3923,31,6.1,9,1.8,80,8.1,8.6,12.3,245.2,104.1,32,181,7.3,7.7,6,3,3,159.94,13,467,1805,18,38,3.9,112.8,17,-50.08,6,43,350,0,35,8.1,34,700,0,58,20.6,6959,15,6,6,6,5,13,10,3,2,28,23,49,48,69,3116,67,1,45.2,7,18,31,50,1,48,49,23,28,0,419,26.2,21,182,1032,39.6,9.3,5.7,31.2,2.26,2,279,5453,1032,5.3,28,7,307,415,646,3976,18,21,5.8,202,344,1477,8,4.3,74,116,1063,31,28.9,15,24.23,20,415,646,64.2,3976,18,2.8,21,3.3,6.6,5.7,10.3,248.5,78.9,42,288,5.8,4.9,6.1,-15.92,7,344,1477,8,4.3,92.3,27.56,27,32,203,0,6.3,46,1041,0,22.6,18,31,26,27,27,77,26,8,18,27,27,26,31,279,17.4,9,180,1063,28.9,15,5.9,30.3,1.44
Cleveland Browns,-154,-9.6,3.5,-6.1,-3.2,-2.9,30,5311,5.1,5.1,30,18,307,371,609,3782,20,12,5.7,192,380,1529,5,4,81,120,1083,34,29.8,15.2,-37.37,21,371,609,60.9,3782,20,3.3,12,2,61,6.8,6.6,11.2,236.4,84,53,374,5.7,5.5,8,1,1,19.09,22,380,1529,5,54,4,95.6,28,-43.3,19,29,325,1,78,11.2,41,1041,0,53,25.4,7051,30,11,11,10,10,9,7,2,0,32,28,24,22,70,3271,67,0,46.7,30,5,20,28,4,22,24,28,32,0,278,17.4,26,178,1074,29.8,15.2,6,29.8,1.46,29,432,6067,998,6.1,21,10,321,322,511,4012,34,11,7.4,186,458,2055,11,4.5,104,108,833,31,41.9,11.7,-114.79,22,322,511,63,4012,34,6.7,11,2.2,8.2,8.5,12.9,250.8,101.8,29,157,7.4,7.8,5.4,-128.02,30,458,2055,11,4.5,128.4,6.14,14,37,381,1,10.3,42,894,0,21.3,3,35,30,45,44,63,3,11,34,44,45,30,35,432,27,6,179,1033,41.9,11.7,5.8,33.8,2.26
Dallas Cowboys,-99,-6.2,-0.7,-6.9,-7,0.1,31,5360,5.5,5.5,33,11,307,334,529,3472,16,22,6.2,175,408,1888,8,4.6,94,112,882,38,31.4,18,-49.95,27,334,529,63.1,3472,16,3,22,4.2,67,7,5.7,11,217,76.4,33,206,6.2,5,5.9,2,3,-31.01,9,408,1888,8,50,4.6,118,18,-8.73,25,33,183,0,28,5.5,28,704,0,79,25.1,6453,31,9,9,10,10,7,6,6,5,32,30,25,25,69,3115,61,0,45.1,31,8,16,26,1,25,25,30,32,1,275,17.2,31,172,1001,31.4,18,5.8,31.1,1.5,16,374,5567,997,5.6,11,3,317,330,506,3636,19,8,6.8,172,460,1931,16,4.2,113,113,900,32,36.7,5.6,-64.24,5,330,506,65.2,3636,19,3.8,8,1.6,7.6,7.7,11.7,227.3,94.2,31,229,6.8,6.8,5.8,-86,22,460,1931,16,4.2,120.7,8.76,8,24,162,0,6.8,23,549,1,23.9,2,36,30,38,36,74,2,16,19,36,38,30,36,374,23.4,5,177,1034,36.7,5.6,5.8,31.5,1.89
Denver Broncos,66,3.88,2.1,5.98,0.3,5.5,19,5012,5.4,5.4,31,8,314,368,643,3970,19,23,6.2,201,444,2080,13,4.2,85,119,1112,28,31.2,15.1,-19.62,14,393,643,61.12,4181,19,3.1,23,3.8,75,7,5.9,11.5,248.1,76.3,40,251,6.2,5.1,6,5,5,13.11,17,411,1718,13,72,4.2,107.4,16,-33.25,28,29,283,1,83,9.8,27,588,0,41,21.8,6805,6,12,12,8,8,8,5,7,5,35,30,36,35,85,3705,62,0,43.6,19,13,19,38,1,35,36,30,35,1,355,22.2,4,199,1091,31.2,15.1,5.5,28.6,1.58,4,296,4530,1033,4.4,27,13,289,344,573,3193,19,14,5.1,162,408,1337,10,3.3,81,104,773,46,26.9,11.9,110.14,1,344,573,60,3193,19,3.3,14,2.4,6.2,5.7,10.3,199.6,78.8,52,351,5.1,4.7,8.3,45.65,3,408,1337,10,3.3,83.6,55.09,5,36,247,0,6.9,25,508,0,20.3,26,32,25,28,27,92,14,10,19,27,28,25,32,296,18.5,31,201,1065,26.9,11.9,5.3,22.5,1.38
Detroit Lions,-42,-2.6,2.4,-0.2,1,-1.3,18,5547,5.4,5.4,24,10,337,420,632,4212,33,14,6.2,236,354,1335,7,3.8,71,104,930,30,34.6,12.3,40.73,9,420,632,66.5,4212,33,5.2,14,2.2,57,7.1,7.1,10.6,263.3,95.1,44,251,6.2,6.3,6.5,2,3,77.76,32,354,1335,7,36,3.8,83.4,17,-33.64,10,30,209,0,28,7,44,1220,0,104,27.7,7227,18,3,3,9,8,6,6,6,5,24,22,39,36,80,3679,66,0,46,18,7,33,42,3,36,39,22,24,2,358,22.4,24,179,1054,34.6,12.3,5.9,31,1.93,23,400,5597,998,5.6,19,10,319,360,528,3789,27,9,6.6,191,428,1808,18,4.2,96,96,785,32,38.2,9.1,-85.51,15,360,528,68.2,3789,27,5.1,9,1.7,7.7,8,11.3,236.8,100.9,42,276,6.6,6.9,7.4,-109.01,19,428,1808,18,4.2,113,16.57,23,43,263,0,6.1,33,814,0,24.7,15,29,25,44,41,72,15,18,27,41,44,25,29,400,25,17,186,1028,38.2,9.1,5.5,30,2.13
Green Bay Packers,45,2.8,2.5,5.3,2,3.3,15,5353,5.1,5.1,17,9,317,348,573,3503,31,8,5.7,173,436,1850,8,4.2,100,105,906,44,33.3,8.9,43.92,25,348,573,60.7,3503,31,5.4,8,1.4,65,6.7,7.1,11,218.9,92.7,47,322,5.7,6.1,7.6,2,2,75.38,12,436,1850,8,65,4.2,115.6,24,-27.26,21,31,167,0,16,5.4,36,881,0,70,24.5,6723,16,7,7,4,4,11,8,5,4,28,24,36,36,81,3554,62,0,43.9,15,8,31,42,6,36,36,24,28,0,368,23,11,192,1085,33.3,8.9,5.7,27.8,1.83,12,323,5547,1014,5.5,22,6,300,321,551,3642,20,16,6.1,183,420,1905,13,4.5,96,120,1107,21,31.3,11.5,5.29,6,321,551,58.3,3642,20,3.6,16,2.9,7.1,6.5,12.1,227.6,80.1,43,256,6.1,5.6,7.2,-4.36,21,420,1905,13,4.5,119.1,0.6,12,41,174,0,4.2,37,988,0,26.7,17,28,24,34,31,82,18,13,20,31,34,24,28,323,20.2,12,182,1042,31.3,11.5,5.7,30.4,1.66
Houston Texans,26,1.6,-2.4,-0.8,-3.3,2.6,22,5564,4.9,4.9,20,8,335,358,619,3833,29,12,5.9,210,472,1731,7,3.7,90,107,910,35,28.9,9.8,-45.34,18,358,619,57.8,3833,29,4.7,12,1.9,61,6.6,6.7,11.4,239.6,85.3,36,246,5.9,5.9,5.5,3,3,12.41,15,472,1731,7,41,3.7,108.2,22,-57.39,20,52,377,0,20,7.3,18,430,0,41,23.9,6617,3,6,6,8,8,7,6,5,2,27,23,36,32,96,4534,64,0,47.2,22,7,29,39,3,32,36,23,27,0,339,21.2,1,204,1154,28.9,9.8,5.7,27.3,1.57,7,313,4963,986,5,25,11,281,326,553,3366,24,14,5.6,173,388,1597,10,4.1,79,116,991,29,27.3,11.1,47.11,3,326,553,59,3366,24,4.3,14,2.5,6.6,6.4,11.3,210.4,82.8,45,311,5.6,5.4,7.5,7.39,10,388,1597,10,4.1,99.8,35.04,13,60,612,0,10.2,40,977,0,24.4,30,26,20,35,31,101,11,10,24,31,35,20,26,313,19.6,30,198,1012,27.3,11.1,5.1,25,1.51
Indianapolis Colts,-75,-4.7,-2,-6.7,-3.1,-3.6,24,5142,4.9,4.9,30,11,311,355,619,3704,26,19,5.6,195,396,1438,6,3.6,77,108,931,39,29.4,14.4,-42.31,22,355,619,57.4,3704,26,4.2,19,3.1,87,6.3,5.8,11.1,231.5,77.5,37,224,5.6,5.1,5.6,2,4,18.03,29,396,1438,6,37,3.6,89.9,19,-57.39,4,39,268,0,33,6.9,43,1047,0,60,24.3,6681,14,8,7,6,6,8,8,5,4,27,25,35,32,85,4052,63,0,47.7,24,6,26,37,2,32,35,25,27,1,333,20.8,8,194,1079,29.4,14.4,5.6,26.5,1.54,25,408,6066,1072,5.7,25,8,331,354,585,4114,29,17,6.6,210,452,1952,14,4.3,89,133,1168,32,36.6,12.4,-52.3,24,354,585,60.5,4114,29,5,17,2.9,7.5,7.1,12.3,257.1,88,35,251,6.6,6.3,5.6,-97.34,25,452,1952,14,4.3,122,37.08,29,36,386,3,10.7,8,156,0,19.5,19,35,28,44,40,80,9,14,29,40,44,28,35,408,25.5,27,194,1107,36.6,12.4,5.7,31.1,1.98
Jacksonville Jaguars,-72,-4.5,-3,-7.5,-0.7,-6.9,14,5581,5.5,5.5,28,10,313,355,607,4108,35,18,6.2,215,354,1473,5,4.2,69,105,880,29,34.2,14,-8.44,10,355,607,58.5,4108,35,5.8,18,3,90,7.3,7.1,12.5,256.8,88.1,51,320,6.2,6.1,7.8,3,4,52.47,27,354,1473,5,45,4.2,92.1,25,-51.9,24,31,361,1,73,11.6,31,721,0,42,23.3,6983,11,10,9,8,8,8,6,4,3,30,26,39,32,80,3700,63,0,46.3,14,5,35,44,5,32,39,26,30,0,376,23.5,9,193,1042,34.2,14,5.4,28.6,1.85,31,448,6000,1102,5.4,18,9,362,390,602,4291,29,9,6.7,222,464,1709,15,3.7,102,114,989,38,38.1,8.8,-88.89,29,390,602,64.8,4291,29,4.8,9,1.5,7.5,7.8,11.6,268.2,97.2,36,237,6.7,7,5.6,-134.59,15,464,1709,15,3.7,106.8,39.17,9,45,462,0,10.3,23,553,0,24,22,38,30,48,48,72,19,15,29,48,48,30,38,448,28,26,194,1140,38.1,8.8,5.9,30.9,2.05
Kansas City Chiefs,118,7.4,1.6,9,3.7,5.3,9,5299,5.5,5.5,15,8,303,310,473,3255,20,7,6.3,155,436,2044,19,4.7,116,104,878,32,37.9,7.1,66.36,30,310,473,65.5,3255,20,4.2,7,1.5,80,7.4,7.6,11.3,203.4,95.4,46,238,6.3,6.4,8.9,1,1,43.78,6,436,2044,19,52,4.7,127.8,15,26.01,5,45,355,0,37,7.9,35,791,0,54,22.6,6683,8,8,7,10,10,11,9,8,4,37,30,41,39,75,3334,62,0,44.5,9,19,20,45,4,39,41,30,37,1,405,25.3,22,182,992,37.9,7.1,5.5,29.1,1.99,3,287,5269,1037,5.1,29,7,313,349,607,3698,25,22,5.7,193,383,1571,7,4.1,86,110,941,34,27.3,15.3,82.76,9,349,607,57.5,3698,25,4.1,22,3.6,6.6,5.8,11.4,231.1,76,47,290,5.7,4.9,7.2,40.94,8,383,1571,7,4.1,98.2,34.08,28,26,170,0,6.5,46,1137,0,24.7,25,22,18,28,25,78,24,7,25,25,28,18,22,287,17.9,14,183,1059,27.3,15.3,5.8,28.8,1.52
Miami Dolphins,-79,-4.9,-1.9,-6.8,-4.7,-2.2,27,5307,5.4,5.4,19,7,291,365,588,3811,24,12,6,194,344,1496,11,4.3,72,134,1090,25,25.7,9.6,1.89,19,365,588,62.1,3811,24,4.1,12,2,54,7.2,7.1,11.6,238.2,88.9,45,420,6,5.9,7.1,2,2,30.04,23,344,1496,11,85,4.3,93.5,23,-19.49,3,41,424,1,69,10.3,43,958,0,50,22.3,7109,17,3,3,4,4,6,4,2,1,16,13,36,33,92,4381,70,0,47.6,27,11,24,39,3,33,36,13,16,0,310,19.4,14,187,993,25.7,9.6,5.3,28.3,1.52,19,389,6019,1076,5.6,16,3,351,350,542,4000,31,13,7,203,503,2019,13,4,112,121,1005,36,34,8.4,-92.5,21,350,542,64.6,4000,31,5.7,13,2.4,7.8,7.9,12.1,250,97.4,31,225,7,7,5.4,-129.92,28,503,2019,13,4,126.2,32.04,30,50,526,0,10.5,23,508,0,22.1,16,29,21,45,42,77,6,13,31,42,45,21,29,389,24.3,24,191,1105,34,8.4,5.8,31.4,1.94
Minnesota Vikings,63,3.9,1.9,5.8,1.1,4.7,16,5139,5.3,5.3,17,8,297,294,454,2928,14,9,5.9,153,474,2211,18,4.7,113,88,797,31,38.4,9.3,34.58,31,294,454,64.8,2928,14,3.1,9,2,52,7.1,6.9,11,183,87.9,45,318,5.9,5.6,9,1,2,18.21,4,474,2211,18,80,4.7,138.2,21,20.45,7,34,311,1,65,9.1,42,1190,2,101,28.3,6958,22,9,9,15,13,7,6,8,6,39,34,37,33,66,2746,61,0,41.6,16,18,14,38,1,33,37,34,39,0,365,22.8,32,172,1012,38.4,9.3,5.9,29.9,1.9,5,302,5510,1015,5.4,22,9,318,359,561,3762,24,13,6.2,189,411,1748,7,4.3,94,109,875,35,33.3,11.9,3.87,12,359,561,64,3762,24,4.3,13,2.3,7.2,7,11.3,235.1,90,43,280,6.2,6.1,7.1,-35.54,17,411,1748,7,4.3,109.3,33.25,26,29,152,0,5.2,40,1043,0,26.1,10,31,28,28,28,72,17,7,24,28,28,28,31,302,18.9,4,177,1046,33.3,11.9,5.9,31.1,1.7
New England Patriots,157,9.23,-2.4,6.835,5.3,1.7,3,6331,5.7,5.7,14,7,348,404,671,4587,36,7,6.9,230,383,1442,14,3.7,87,102,884,31,43.2,5.7,126.84,5,432,671,64.38,4483,36,5.7,7,1.1,76,7.7,8.3,11.9,286.7,101.9,38,225,6.9,7.5,5.7,2,2,157.78,30,383,1404,14,38,3.7,87.8,14,-26.41,13,47,473,0,82,10.1,25,469,0,75,18.8,7158,2,6,6,11,11,14,12,5,4,36,33,52,52,74,3358,67,1,45.4,3,14,36,52,0,52,52,33,36,1,465,29.1,10,192,1086,43.2,5.7,5.7,31.2,2.34,10,315,5430,1042,5.2,21,9,303,361,596,3852,24,12,6,204,397,1578,8,4,77,112,1013,22,28.9,10.5,4.65,17,361,596,60.6,3852,24,4,12,2,7.1,7,11.7,240.8,87,49,358,6,5.9,7.6,-40.6,9,397,1578,8,4,98.6,34.57,18,39,347,1,8.9,29,533,0,18.4,31,29,23,31,28,86,30,8,24,28,31,23,29,315,19.7,20,190,1071,28.9,10.5,5.6,28.6,1.54
New Orleans Saints,-68,-4.3,-2.3,-6.6,1.1,-7.6,8,6461,5.9,5.9,20,8,381,460,667,4970,32,12,7.1,247,397,1491,16,3.8,98,130,1112,36,36.3,10.4,144.2,1,460,667,69,4970,32,4.8,12,1.8,80,7.8,8,11.3,310.6,100.6,32,235,7.1,7.3,4.6,1,2,178.88,24,397,1491,16,70,3.8,93.2,17,-19.87,26,32,275,1,74,8.6,28,605,0,38,21.6,7576,25,6,5,9,7,6,3,5,3,26,18,46,44,67,3007,58,0,44.9,8,16,32,51,4,44,46,18,26,0,406,25.5,19,182,1122,36.3,10.4,6.2,35.5,2.14,32,476,6615,997,6.6,22,13,380,372,544,4544,45,9,7.9,223,422,2071,12,4.9,103,114,887,54,43.9,11.7,-204.1,31,372,544,68.4,4544,45,8.3,9,1.7,8.7,9.7,12.8,284,116.2,31,211,7.9,8.8,5.4,-234.98,31,422,2071,12,4.9,129.4,20.99,7,26,215,0,8.3,37,981,0,26.5,8,27,22,54,52,62,25,12,45,52,54,22,27,476,29.8,10,180,1023,43.9,11.7,5.7,36.7,2.58
New York Giants,-22,-1.4,-2.2,-3.6,2.5,-6.1,6,5956,5.7,5.7,21,7,331,392,623,4347,36,14,6.7,208,403,1609,5,4,77,102,777,46,38.2,11.3,58.71,7,392,623,62.9,4347,36,5.8,14,2.2,87,7.2,7.4,11.5,271.7,94.5,27,157,6.7,6.8,4.2,1,2,107.79,18,403,1609,5,39,4,100.6,23,-35.8,9,36,367,1,80,10.2,39,978,1,100,25.1,7458,9,6,6,12,12,10,8,3,3,32,30,45,44,76,3381,64,0,44.5,6,5,36,47,2,44,45,30,32,1,420,26.3,17,186,1085,38.2,11.3,5.8,32,2.03,30,442,6725,1105,6.1,28,13,367,423,638,4783,31,15,7.2,236,444,1942,15,4.4,104,120,1077,27,40.5,14.2,-105.13,32,423,638,66.3,4783,31,4.9,15,2.4,7.7,7.6,11.6,298.9,95.9,23,137,7.2,7.2,3.5,-115.93,24,444,1942,15,4.4,121.4,0.91,24,30,300,0,10,54,1095,1,20.3,24,35,31,48,47,64,27,15,31,47,48,31,35,442,27.6,21,190,1140,40.5,14.2,6,35.2,2.18
New York Jets,73,4.6,-3,1.5,-0.5,2,11,5925,5.5,5.5,24,8,329,362,604,4057,33,16,6.5,210,448,1868,11,4.2,99,96,787,20,35.7,11.6,55.82,13,362,604,59.9,4057,33,5.5,16,2.6,69,6.9,6.8,11.5,253.6,88,22,113,6.5,6.4,3.5,2,3,95.9,10,448,1868,11,58,4.2,116.8,17,-27.8,2,49,422,0,58,8.6,37,771,0,54,20.8,7231,5,6,6,10,10,14,9,3,2,33,27,43,42,80,3449,68,1,43.1,11,11,33,44,0,42,43,27,33,0,387,24.2,3,199,1107,35.7,11.6,5.6,29.6,1.95,9,314,5098,1013,5,30,12,271,343,601,3763,25,18,5.9,185,373,1335,4,3.6,62,90,767,24,28.4,14.4,54.43,13,343,601,57.1,3763,25,4.2,18,3,6.7,6.2,11.8,235.2,79,39,278,5.9,5.4,6.1,-23.17,2,373,1335,4,3.6,83.4,71.94,31,37,470,2,12.7,49,1168,0,23.8,28,29,26,33,30,86,22,4,25,30,33,26,29,314,19.6,25,194,1043,28.4,14.4,5.4,26.2,1.45
Oakland Raiders,-40,-2.5,2.3,-0.2,1.4,-1.6,17,5336,5.3,5.3,24,10,300,373,606,3879,34,14,6.1,193,370,1457,7,3.9,74,139,1102,33,31.8,10.3,0.17,16,373,606,61.6,3879,34,5.6,14,2.3,68,6.8,6.9,11.1,242.4,90.8,33,250,6.1,6.1,5.2,4,4,48.7,28,370,1457,7,54,3.9,91.1,27,-39.49,1,42,272,0,22,6.5,53,1268,0,70,23.9,7126,13,7,7,6,5,8,5,5,4,26,21,39,38,84,3697,70,1,44,17,7,34,42,3,38,39,21,26,2,359,22.4,7,195,1034,31.8,10.3,5.3,27.3,1.79,22,399,5818,1085,5.4,25,11,344,404,641,4140,25,14,6.1,206,406,1678,12,4.1,94,104,943,44,38.2,11.5,-59.91,26,404,641,63,4140,25,3.9,14,2.2,6.8,6.6,10.8,258.8,86.8,38,211,6.1,5.9,5.6,-70.87,13,406,1678,12,4.1,104.9,12.41,32,30,201,0,6.7,35,795,1,22.7,21,42,36,35,31,71,16,12,25,31,35,36,42,399,24.9,23,191,1127,38.2,11.5,5.9,30.5,1.92
Philadelphia Eagles,-53,-3.3,-1.3,-4.6,-0.6,-4,13,5830,5.3,5.3,31,13,339,405,623,4087,23,18,6.2,193,443,1743,15,3.9,110,104,819,36,29.1,15.3,-5.18,12,405,623,65,4087,23,3.7,18,2.9,78,7,6.4,10.7,255.4,85.6,37,254,6.2,5.7,5.6,0,2,34.73,14,443,1743,15,63,3.9,108.9,25,-39.53,22,39,443,2,89,11.4,27,565,0,49,20.9,7092,4,5,5,11,9,6,5,4,2,26,21,44,42,88,4038,64,2,45.9,13,15,23,45,0,42,44,21,26,1,377,23.6,2,203,1130,29.1,15.3,5.6,28.4,1.62,28,430,6426,1148,5.6,26,11,365,394,633,4273,36,15,6.4,239,478,2153,10,4.5,100,123,1049,26,36,11.8,-65.84,28,394,633,62.2,4273,36,5.7,15,2.4,7.1,7.2,11.5,267.1,92.8,37,243,6.4,6.4,5.5,-75.96,32,478,2153,10,4.5,134.6,4.45,11,42,215,0,5.1,34,705,0,20.7,29,27,27,49,47,89,20,10,36,47,49,27,27,430,26.9,32,203,1175,36,11.8,5.8,31.6,1.99
Pittsburgh Steelers,104,6.5,2.2,8.7,5.1,3.6,4,6327,6.3,6.3,28,7,331,391,590,4603,26,21,7.4,207,388,1724,16,4.4,91,94,868,33,40.5,13.7,119.58,3,391,590,66.3,4603,26,4.4,21,3.6,88,8.2,7.5,12.3,287.7,91.2,33,219,7.4,6.7,5.3,3,4,134.22,16,388,1724,16,55,4.4,107.8,16,-11.3,27,28,231,1,71,8.3,29,701,0,38,24.2,7478,28,11,11,9,9,19,12,2,2,42,35,34,32,59,2511,79,0,42.6,4,16,26,45,11,32,34,35,42,0,423,26.4,13,190,1053,40.5,13.7,5.5,33.3,2.1,11,319,5809,1055,5.5,30,13,327,402,625,4350,29,17,6.5,231,382,1459,6,3.8,71,121,1199,25,32.3,14.3,23.65,30,402,625,64.3,4350,29,4.6,17,2.7,7.5,7.2,11.6,271.9,90.9,48,311,6.5,6.2,7.1,-58.15,5,382,1459,6,3.8,91.2,71.36,6,19,165,0,8.7,54,1201,0,22.2,5,31,26,32,29,70,28,6,29,29,32,26,31,319,19.9,19,189,1086,32.3,14.3,5.7,30.5,1.71
San Diego Chargers,-78,-4.9,2.2,-2.6,-1.5,-1.1,26,5949,5.4,5.4,24,11,344,442,667,4591,30,13,6.5,230,393,1358,4,3.5,79,117,942,35,33.7,12.4,22.23,4,442,667,66.3,4591,30,4.5,13,1.9,80,7.3,7.3,11,286.9,94.5,40,264,6.5,6.5,5.7,1,2,93.92,31,393,1358,4,53,3.5,84.9,20,-66.3,32,20,84,0,18,4.2,28,583,0,34,20.8,6880,26,4,4,7,7,16,11,5,4,32,26,32,28,73,3261,68,1,44.7,26,4,30,35,3,28,32,26,32,0,320,20,27,178,1132,33.7,12.4,6.4,33.4,1.78,21,398,5791,959,6,20,9,299,328,510,3786,22,11,7,170,417,2005,17,4.8,101,120,976,28,37.8,10,-91.53,14,328,510,64.3,3786,22,4.3,11,2.2,7.9,7.8,12.2,236.6,93.8,32,222,7,6.9,5.9,-84.42,27,417,2005,17,4.8,125.3,-6.32,1,44,432,0,9.8,32,880,0,27.5,7,34,29,41,39,72,7,17,22,39,41,29,34,398,24.9,8,180,993,37.8,10,5.5,32.1,2
San Francisco 49ers,-149,-9.3,3.8,-5.5,-6,0.5,32,4860,5,5,17,5,261,322,526,3316,16,12,5.7,154,390,1544,7,4,83,113,823,24,25.8,8.2,-51.85,29,322,526,61.2,3316,16,3,12,2.3,76,6.9,6.5,11.3,207.3,82.6,53,330,5.7,5.3,9.2,2,2,-25.62,21,390,1544,7,47,4,96.5,21,-23.53,15,30,226,0,37,7.5,42,993,0,40,23.6,6409,24,10,9,6,6,8,6,3,3,27,24,21,20,92,4018,62,0,43.7,32,7,16,24,2,20,21,24,27,0,238,14.9,20,182,996,25.8,8.2,5.5,26.6,1.28,18,387,6199,1081,5.7,12,3,356,375,549,4179,21,9,7.2,199,504,2020,20,4,128,112,920,29,37.9,6.6,-114.47,27,375,549,68.3,4179,21,3.8,9,1.6,8,8,11.7,261.2,98.1,28,196,7.2,7.3,4.9,-147.81,29,504,2020,20,4,126.3,29.61,17,44,283,0,6.4,23,591,0,25.7,9,37,28,39,35,74,1,20,21,35,39,28,37,387,24.2,13,182,1118,37.9,6.6,6.1,34,2.04
Seattle Seahawks,146,9.1,2.2,11.3,5.4,6,5,6058,5.9,5.9,16,8,335,333,489,3790,34,8,7.1,190,500,2268,10,4.5,128,117,1007,17,42,8.6,126.35,20,333,489,68.1,3790,34,7,8,1.6,80,8.3,9,12.2,236.9,109.8,46,271,7.1,7.7,8.6,3,3,170.69,3,500,2268,10,69,4.5,141.8,17,-26.66,8,42,450,1,66,10.7,34,868,1,105,25.5,7647,20,9,9,7,7,9,7,6,6,31,29,44,40,68,3094,70,0,45.5,5,10,34,49,5,40,44,29,31,0,423,26.4,29,174,1066,42,8.6,6.1,34.6,2.27,1,277,4668,947,4.9,23,9,273,333,548,3364,14,14,5.8,175,362,1304,10,3.6,71,94,795,27,29.3,13.2,58.89,2,333,548,60.8,3364,14,2.6,14,2.6,6.6,6,10.9,210.3,78.1,37,255,5.8,5.2,6.3,5.27,1,362,1304,10,3.6,81.5,40.95,25,29,382,1,13.2,42,1073,1,25.5,13,28,27,25,22,87,29,10,14,22,25,27,28,277,17.3,2,174,976,29.3,13.2,5.6,26.9,1.43
St. Louis Rams,-50,-3.1,3,-0.2,-3.8,3.6,29,4761,5.2,5.2,22,11,241,273,473,2805,11,11,5.7,126,429,1956,16,4.6,92,122,1057,23,24.5,10.2,-83.37,32,273,473,57.7,2805,11,2.3,11,2.3,68,6.2,5.6,10.7,175.3,74.1,18,126,5.7,5.2,3.7,1,1,-41.85,7,429,1956,16,71,4.6,122.3,22,-30.95,12,39,296,1,75,7.6,35,830,0,102,23.7,6013,7,2,2,11,10,8,5,9,3,31,21,29,27,96,4601,68,0,47.9,29,16,11,31,2,27,29,21,31,1,280,17.5,6,196,951,24.5,10.2,4.9,24.3,1.29,13,330,5885,1091,5.4,26,13,320,399,597,4065,21,13,6.4,192,453,1820,7,4,98,109,992,30,31.8,12.1,26.21,23,399,597,66.8,4065,21,3.5,13,2.2,7.2,6.9,10.8,254.1,90.4,41,236,6.4,6.1,6.4,-38.11,20,453,1820,7,4,113.8,63.43,22,40,289,1,7.2,27,605,0,22.4,27,37,35,29,29,83,4,7,21,29,29,35,37,330,20.6,29,198,1128,31.8,12.1,5.7,29.6,1.52
Tampa Bay Buccaneers,-75,-4.7,-3,-7.7,-3.5,-4.2,20,6011,5.9,5.9,28,13,336,312,535,3852,22,15,6.9,201,454,2159,12,4.8,99,143,1195,36,35.8,14.8,58.23,17,312,535,58.3,3852,22,4.1,15,2.8,68,7.6,7.1,13,240.8,84.2,27,190,6.9,6.4,4.8,2,3,86.17,5,454,2159,12,84,4.8,134.9,26,-18.91,31,29,291,0,58,10,21,506,0,38,24.1,6998,29,11,10,11,10,9,4,9,5,40,29,34,31,56,2349,60,0,41.9,20,12,22,37,3,31,34,29,40,0,342,21.4,28,176,1057,35.8,14.8,6,34.1,1.85,26,417,5446,1045,5.2,23,12,351,378,541,3840,31,11,6.6,208,466,1606,12,3.4,104,104,862,39,41.7,12.8,-80.13,16,378,541,69.9,3840,31,5.7,11,2,7.5,7.8,10.8,240,102.3,38,232,6.6,6.8,6.6,-134.46,11,466,1606,12,3.4,100.4,40.6,2,27,140,0,5.2,35,882,0,25.2,4,34,31,45,42,62,13,12,31,42,45,31,34,417,26.1,7,180,1078,41.7,12.8,6,30.5,2.23
Tennessee Titans,-124,-7.8,-2.8,-10.5,-5.9,-4.6,28,4988,5.1,5.1,33,16,298,342,551,3503,25,17,5.8,195,371,1485,10,4,66,93,779,37,25.7,16.2,-67.51,26,342,551,62.1,3503,25,4.5,17,3.1,61,7.1,6.6,11.4,218.9,85.5,54,390,5.8,5.4,8.9,2,2,-10.68,25,371,1485,10,87,4,92.8,25,-49.87,18,38,307,0,37,8.1,33,680,0,34,20.6,6365,27,3,3,3,3,7,7,3,1,16,14,31,29,88,4175,61,0,47.4,28,10,25,37,5,29,31,14,16,0,299,18.7,12,191,992,25.7,16.2,5.2,26.1,1.5,27,423,5475,1004,5.5,19,8,317,319,503,3678,34,11,6.8,192,462,1797,11,3.9,101,112,982,24,36.6,8.1,-47.06,7,319,503,63.4,3678,34,6.8,11,2.2,7.9,8.2,12.4,229.9,101.1,39,271,6.8,7.1,7.2,-105.21,18,462,1797,11,3.9,112.3,53.28,16,47,605,1,12.9,22,599,0,27.2,6,27,23,50,48,74,5,11,34,48,50,23,27,423,26.4,16,186,1031,36.6,8.1,5.5,29.3,2.06
Washington Redskins,9,0.6,-2.5,-1.9,-0.2,-1.8,10,5661,5.6,5.6,22,11,317,386,555,4095,30,11,7,208,429,1566,9,3.7,81,105,828,28,36.1,11.1,69.13,11,386,555,69.5,4095,30,5.4,11,2,78,7.7,7.9,11.1,255.9,102,27,199,7,7.2,4.6,2,3,132.42,20,429,1566,9,48,3.7,97.9,26,-56.28,14,32,153,0,16,4.8,40,999,2,101,25,7012,21,7,7,9,9,10,8,4,2,30,26,41,40,71,3225,64,1,45.4,10,9,30,44,3,40,41,26,30,1,388,24.3,23,180,1041,36.1,11.1,5.8,31.5,1.95,17,379,6090,1010,6,27,16,329,354,566,4128,30,11,6.8,202,406,1962,10,4.8,103,112,955,24,35.4,14.9,-70.63,25,354,566,62.5,4128,30,5.3,11,1.9,7.8,7.9,12.4,258,96.1,38,264,6.8,7,6.3,-94.78,26,406,1962,10,4.8,122.6,20.41,19,30,258,1,8.6,29,582,0,20.1,11,28,23,41,40,69,23,10,30,40,41,23,28,379,23.7,11,181,1038,35.4,14.9,5.7,33.6,1.97
