WL,PD,MoV,SoS,SRS,OSRS,DSRS,Rnktmosns,Yds,Ply,YP,TO,FL,FirstD,Cmp,Att,RnYds,TD,Int,NYAs,FrstDPerPass,RushAtt,RushYdsGnd,RuhingShutD,RshYdspAt,Fstdns,Penalties,Yards,FirstDownsP,Sc,Tos,EXPByOffense,RankByPassingoffense,PassesCompleted,PassesAttempted,PercentageOfPassesCompleted,YdsgainedByPassing,Tds,TDPercentage,Interceptionsthrown,InterceptionsThrownedPercentage,LngstCompletedPassthrown,YardsgainedByPassAttempt,Adugestedyardagained,YardsGainedPerpassCompletion,YardsgainedperPlayedGame,Rating,Timessacked,YdsLostDueToSacks,NYPerPassattempt,AdjustedNYA,SkPercentage,FourQC,GWDByQuarterBacks,ExpectedPointsContributedByPassingOffense,RkByRushingOffense,AttemptsRushing,YdsgainedRushing,TdsRsh,LngstRshAtt,YARsh,YdaPG,Fmbles,EXPPByRshoffense,RkByKickPuntReturns,Rets,PuntsReturnYardage,PuntsreturnedPreTD,LngstPuntRet,YdsgainedPerPuntReturs,KickOffReturns,YardageForKickoffReturns,KickOffReturnsForTD,LngstKickOffReturn,YperRT,AllPurposeYards,RkByKickingPunting,FGAtwenties,FGMtwenties,FGAthirties,FGMthirties,FGAfourties,FGMfourties,FGAfifryplus,FGMfiftyplus,FGAtot,FGMtot,XPAttempted,XPMade,PntTimes,TotPuntYardage,LngstPnt,Blcks,YperPunts,RnkByScoringOffense,RshTD,RecTD,AllTD,TwoPA,XpointsMade,XpointsAttempted,TotalFGM,TotalFGA,Sfty,PtsByAllMeans,PtsPerG,RkByDrives,NumberofDrives,PlaysInDrive,ScPercntge,PercenntageOfDrivesEndingInOffensiveTurnover,AvgPlays,NtsYdsPD,AvgPtsScored,TD1,TD2,TD3,TD4,TD5,TD6,TD7,TD8,TD9,TD10,TD11,TD12,TD13,TD14,TD15,TD16,TD17,TD18,TD19,TD20,TD21,TD22,TD23,TD24,TD25,TD26,PD1,PD2,PD3,PD4,PD5,PD6,PD7,PD8,PD9,PD10,PD11,PD12,PD13,PD14,PD15,PD16,PD17,PD18,PD19,PD20,RDA,RDB,RDC,RDD,RDE,RDF,RDG,PKA,PKB,PKC,PKD,PKE,PKF,PKG,PKH,PKI,KPA,KPB,KPC,KPD,KPF,KPG,SDA,SDB,SDC,SDD,SDE,SDF,ADG,SDH,ADI,DAA,DAB,DAC,DAD,DAE,DAF,DAG,DAH
0.688,11,0.7,1.3,2,-2.4,4.4,24,5116,993,5.2,17,5,302,320,568,3808,21,12,6.4,191,397,1308,6,3.3,67,91,707,44,30.9,9.4,-15.68,14,320,568,56.3,3808,21,3.7,12,2.1,81,7,6.8,12.5,238,81.8,28,182,6.4,6.2,4.7,3,3,55.43,31,397,1308,6,22,3.3,81.8,16,-59.05,31,26,277,1,71,10.7,22,417,0,43,19,6015,8,5,5,14,12,11,10,3,2,33,29,27,27,92,3815,67,2,41.5,24,6,21,32,5,27,27,29,33,0,310,19.4,18,181,1026,30.9,9.4,5.7,28.3,1.52,5,299,5891,1010,5.8,25,7,300,365,579,4152,22,18,6.8,195,396,1739,9,4.4,77,130,1192,28,29.8,12.8,3.41,29,365,579,63,4152,22,3.8,18,3.1,7.6,7,12,259.5,86,35,244,6.8,6.2,5.7,-31.99,13,396,1739,9,4.4,108.7,27.44,2,32,284,0,8.9,37,967,0,26.1,25,32,25,32,32,78,9,9,22,32,32,25,32,299,18.7,22,188,1042,29.8,12.8,5.5,31.3,1.55
0.375,-36,-2.3,-1.6,-3.8,0.6,-4.4,12,6051,1035,5.8,23,8,330,418,632,4553,28,15,6.9,233,372,1498,11,4,75,97,840,22,38.9,13.1,68.84,5,418,632,66.1,4553,28,4.4,15,2.4,79,7.5,7.3,11.4,284.6,93.4,31,205,6.9,6.7,4.7,3,3,105.81,24,372,1498,11,55,4,93.6,16,-26.32,19,18,239,1,68,13.3,50,1174,0,66,23.5,7791,21,10,10,4,4,8,8,10,7,32,29,40,40,67,3063,66,0,45.7,12,11,28,42,2,40,40,29,32,0,381,23.8,27,175,1067,38.9,13.1,6.1,34.6,2.06,27,417,6372,1038,6.1,28,12,358,359,566,4478,20,16,7.6,224,450,1894,21,4.2,108,91,744,26,42.6,14.2,-136.13,32,359,566,63.4,4478,20,3.5,16,2.8,8.2,7.6,12.9,279.9,88.9,22,140,7.6,7.1,3.7,-131.54,21,450,1894,21,4.2,118.4,-7.5,14,26,250,0,9.6,36,820,0,22.8,10,38,31,42,40,56,21,21,20,40,42,31,38,417,26.1,1,169,1076,42.6,14.2,6.4,37.6,2.25
0.625,107,6.7,-2.1,4.6,1.8,2.8,8,5838,1021,5.7,20,8,345,344,554,3819,27,12,6.7,194,448,2019,16,4.5,113,111,870,38,39.6,9.9,128.84,13,344,554,62.1,3819,27,4.9,12,2.2,80,7.2,7.2,11.6,238.7,91,19,167,6.7,6.7,3.3,2,2,153.58,8,448,2019,16,52,4.5,126.2,16,-18.6,17,32,292,0,45,9.1,38,1077,1,108,28.3,7420,29,10,10,11,11,4,4,9,4,34,29,42,42,60,2841,73,0,47.4,8,16,27,46,3,42,42,29,34,1,409,25.6,15,182,1055,39.6,9.9,5.8,32,2.13,6,302,5391,1034,5.2,22,11,311,382,595,3979,22,11,6.2,205,390,1412,8,3.6,75,110,1007,31,33.3,11.7,-21.36,23,382,595,64.2,3979,22,3.7,11,1.8,7.3,7.2,11.4,248.7,90.6,49,362,6.2,6.1,7.6,-91.25,4,390,1412,8,3.6,88.3,66.68,15,23,166,0,7.2,26,601,0,23.1,4,36,30,28,28,76,25,8,22,28,28,30,36,302,18.9,13,180,1070,33.3,11.7,5.9,29.8,1.67
0.563,54,3.4,1.6,4.9,-0.4,5.3,18,5096,1020,5,23,10,273,363,579,3614,23,13,5.8,186,402,1482,7,3.7,65,124,1031,22,32.5,11.2,-49.72,18,363,579,62.7,3614,23,4,13,2.2,84,6.7,6.4,10.6,225.9,86,39,242,5.8,5.6,6.3,2,3,21.36,25,402,1482,7,53,3.7,92.6,22,-65.53,18,37,354,1,75,9.6,33,770,1,102,23.3,6505,4,9,9,13,12,8,7,8,6,38,34,32,31,86,3692,67,0,42.9,18,7,23,34,2,31,32,34,38,1,343,21.4,5,197,1058,32.5,11.2,5.4,25.8,1.58,4,289,4995,1027,4.9,30,11,302,337,559,3292,16,19,5.4,171,414,1703,10,4.1,89,104,849,42,28.3,14.1,75.16,3,337,559,60.3,3292,16,2.9,19,3.4,6.4,5.5,10.7,205.8,74.5,54,308,5.4,4.5,8.8,35.24,11,414,1703,10,4.1,106.4,34.39,16,38,246,0,6.5,32,639,0,20,29,37,30,27,27,88,15,10,16,27,27,30,37,289,18.1,29,198,1064,28.3,14.1,5.4,25.2,1.37
0.469,-35,-2.2,-0.9,-3.1,-2.4,-0.7,19,5547,1060,5.2,23,11,347,327,545,3511,23,12,6,199,473,2036,10,4.3,117,83,756,31,34.8,11.8,29.83,19,327,545,60,3511,23,4.2,12,2.2,51,7,6.9,11.7,219.4,86.2,42,317,6,5.8,7.2,3,2,56.09,7,473,2036,10,69,4.3,127.3,25,-18.45,20,30,239,1,79,8,37,805,0,49,21.8,6923,14,7,7,13,12,12,9,3,1,35,29,34,34,74,3236,72,1,43.7,19,10,23,36,2,34,34,29,35,0,339,21.2,24,178,1095,34.8,11.8,6.2,31,1.79,21,374,5437,999,5.4,26,12,309,364,562,3645,25,14,6.1,193,397,1792,14,4.5,91,97,760,25,34.1,14,-39.67,11,364,562,64.8,3645,25,4.4,14,2.5,7,6.7,10.8,227.8,89.5,40,268,6.1,5.8,6.6,-51.81,16,397,1792,14,4.5,112,9.52,13,28,435,1,15.5,18,584,0,32.4,18,28,22,44,44,72,14,14,25,44,44,22,28,374,23.4,11,179,1027,34.1,14,5.7,30.3,1.89
0.313,-123,-7.7,1,-6.7,-2,-4.7,23,5233,1005,5.2,29,10,322,396,609,3792,30,19,5.8,194,355,1441,8,4.1,91,113,997,37,27.8,16.1,-15.53,15,396,609,65,3792,30,4.9,19,3.1,74,6.6,6.2,10.2,237,87.3,41,243,5.8,5.4,6.3,1,1,-2.52,27,355,1441,8,32,4.1,90.1,19,-7.23,11,21,109,0,22,5.2,55,1290,1,101,23.5,6865,32,5,5,4,3,6,4,1,0,16,12,35,33,72,3107,61,1,43.2,23,8,30,40,5,33,35,12,16,0,319,19.9,19,180,1021,27.8,16.1,5.7,29,1.68,31,442,6033,1008,6,24,10,325,366,548,4230,34,14,7.2,227,421,1803,12,4.3,78,106,978,20,44.6,12.4,-106.73,30,366,548,66.8,4230,34,6.2,14,2.6,8.1,8.2,12.2,264.4,101.7,39,228,7.2,7.3,6.6,-135.41,17,421,1803,12,4.3,112.7,14.42,22,33,335,1,10.2,35,614,0,17.5,1,39,33,49,49,49,10,12,34,49,49,33,39,442,27.6,7,177,1047,44.6,12.4,5.9,34,2.38
0.656,21,1.3,-0.6,0.7,-0.5,1.3,15,5568,1018,5.5,26,9,313,323,503,3421,20,17,6.5,164,492,2147,19,4.4,122,102,812,27,34,13.1,7.02,21,323,503,64.2,3421,20,4,17,3.4,81,7.1,6.3,11,213.8,84.2,23,130,6.5,5.8,4.4,4,3,9.94,6,492,2147,19,89,4.4,134.2,20,3.67,3,40,436,0,49,10.9,45,1241,0,97,27.6,7370,12,6,6,12,10,12,10,3,0,33,26,39,39,73,3419,69,0,46.8,15,19,20,40,1,39,39,26,33,3,365,22.8,12,191,1051,34,13.1,5.5,29.1,1.84,12,344,5749,1067,5.4,26,6,337,365,608,3888,18,20,6.2,197,439,1861,16,4.2,105,105,876,35,32.6,13.6,-30.61,20,365,608,60,3888,18,3,20,3.3,6.6,5.7,11,243,75.8,20,125,6.2,5.3,3.2,-53.38,20,439,1861,16,4.2,116.3,9.88,30,30,226,1,7.5,44,1123,0,25.5,20,32,26,34,34,75,18,16,18,34,34,26,32,344,21.5,20,184,1099,32.6,13.6,6,31.1,1.72
0.438,-38,-2.4,-1.5,-3.9,-4.8,0.9,27,5193,1010,5.1,23,7,294,274,502,3465,12,16,6.5,179,477,1728,17,3.6,88,116,932,27,28,10.9,-32,20,274,502,54.6,3465,12,2.4,16,3.2,81,7.3,6.4,13.4,216.6,72.8,31,213,6.5,5.6,5.8,4,4,23.61,17,477,1728,17,36,3.6,108,17,-47.08,24,27,181,0,37,6.7,37,801,0,39,21.6,6410,6,6,6,15,12,8,6,3,1,32,25,30,30,93,4119,59,0,44.3,27,17,12,32,2,30,30,25,32,1,299,18.7,8,193,1042,28,10.9,5.4,26.8,1.44,9,337,5857,1118,5.2,29,8,348,335,587,3592,22,21,5.8,184,500,2265,13,4.5,126,98,769,38,32.3,13.6,0.76,8,335,587,57.1,3592,22,3.7,21,3.6,6.4,5.6,11.3,224.5,74.1,31,191,5.8,5,5,0.66,32,500,2265,13,4.5,141.6,-7.89,9,42,295,0,7,31,695,0,22.4,27,34,29,34,34,86,6,13,22,34,34,29,34,337,21.1,28,198,1152,32.3,13.6,5.8,29.3,1.68
0.75,115,7.2,-1.8,5.4,5.3,0.1,5,6138,1014,6.1,25,14,342,328,476,3784,37,11,7.5,205,508,2354,16,4.6,106,105,839,31,43.6,12.8,172.14,16,328,476,68.9,3784,37,7.8,11,2.3,68,8.4,8.9,12.2,236.5,110.9,30,224,7.5,8,5.9,4,5,196.41,2,508,2354,16,65,4.6,147.1,21,-17.9,25,30,275,0,38,9.2,33,790,0,42,23.9,7434,15,6,6,7,6,9,8,7,5,29,25,56,56,58,2586,64,1,44.6,5,16,37,56,0,56,56,25,29,0,467,29.2,22,179,1043,43.6,12.8,5.8,34.1,2.49,15,352,5681,978,5.8,31,13,315,371,558,4031,22,18,6.9,195,392,1650,18,4.2,86,104,861,34,31.3,16.8,-68.86,26,371,558,66.5,4031,22,3.9,18,3.2,7.5,6.8,11.3,251.9,88.5,28,156,6.9,6.2,4.8,-102.27,8,392,1650,18,4.2,103.1,21.31,8,25,240,0,9.6,43,921,0,21.4,19,18,16,41,40,67,28,18,22,40,41,16,18,352,22,12,179,996,31.3,16.8,5.6,31.7,1.83
0.75,128,8,1.6,9.6,9.2,0.4,2,6446,1067,6,20,5,360,399,607,4661,40,15,7.5,227,443,1785,15,4,98,120,1045,35,39.9,9.6,130.29,4,399,607,65.7,4661,40,6.6,15,2.5,86,7.9,8.1,12,291.3,101.3,17,118,7.5,7.7,2.7,1,1,161.99,15,443,1785,15,47,4,111.6,16,-29,15,41,296,0,22,7.2,32,802,0,77,25.1,7674,7,9,9,8,7,7,5,3,1,29,24,56,56,69,3048,65,0,44.2,2,15,40,58,2,56,56,24,29,1,482,30.1,4,198,1096,39.9,9.6,5.5,32.6,2.31,17,354,4883,1031,4.7,25,7,311,399,641,3607,29,18,5.3,219,349,1276,9,3.7,60,103,816,32,31.3,11.8,13.81,9,399,641,62.2,3607,29,4.5,18,2.8,6,5.7,9.7,225.4,82.4,41,252,5.3,5,6,-45.39,2,349,1276,9,3.7,79.8,52.59,18,33,371,1,11.2,35,905,0,25.9,26,28,23,37,37,88,31,9,29,37,37,23,28,354,22.1,25,195,1059,31.3,11.8,5.4,24.9,1.72
0.688,39,2.4,-0.4,2.1,-3.2,5.2,22,5452,1045,5.2,20,8,310,365,604,4030,22,12,6.2,210,396,1422,11,3.6,72,118,989,28,32.4,9.5,41.29,12,365,604,60.4,4030,22,3.6,12,2,73,7.1,6.9,11.7,251.9,85.9,45,254,6.2,6.1,6.9,5,5,83.34,28,396,1422,11,57,3.6,88.9,21,-35,28,32,284,0,28,8.9,25,612,0,41,24.5,6637,25,10,10,6,5,14,6,8,4,38,25,32,32,68,3138,71,0,46.1,22,11,22,35,3,32,32,25,38,1,321,20.1,21,179,1083,32.4,9.5,6.1,30.4,1.71,3,282,4815,984,4.9,27,7,310,383,592,3706,23,20,5.8,209,350,1109,8,3.2,59,99,849,42,26.9,14.3,48.45,13,383,592,64.7,3706,23,3.9,20,3.4,6.8,6,10.4,231.6,83,42,295,5.8,5.2,6.6,-41.9,1,350,1109,8,3.2,69.3,81.82,5,30,311,1,10.4,20,544,0,27.2,8,23,18,30,30,82,11,8,23,30,30,18,23,282,17.6,15,182,1007,26.9,14.3,5.5,26.3,1.49
0.75,138,8.6,-0.3,8.3,7.9,0.4,1,6178,1001,6.2,13,7,356,349,536,4261,38,6,7.5,222,435,1917,14,4.4,104,92,775,30,46.7,7.1,195.16,8,349,536,65.1,4261,38,7.1,6,1.1,80,8.3,9.2,12.7,266.3,109.9,30,186,7.5,8.4,5.3,2,2,231.61,11,435,1917,14,44,4.4,119.8,19,-27.01,27,29,333,2,75,11.5,29,555,0,41,19.1,7287,23,7,7,12,11,7,5,7,4,33,27,55,53,51,2159,63,2,42.3,1,14,38,58,3,53,55,27,33,1,486,30.4,32,169,1034,46.7,7.1,6.1,36.5,2.63,14,348,5542,1054,5.3,27,9,339,333,564,3623,26,18,6,196,449,1919,11,4.3,116,104,945,27,33.1,14.9,-30.73,10,333,564,59,3623,26,4.6,18,3.2,6.9,6.4,11.7,226.4,82,41,261,6,5.5,6.8,-45.84,23,449,1919,11,4.3,119.9,5.5,6,22,191,1,8.7,58,1421,1,24.5,13,24,21,37,37,62,32,11,26,37,37,21,24,348,21.8,6,175,1078,33.1,14.9,6.2,31.6,1.84
0.563,65,4.1,-2.3,1.7,-0.8,2.5,14,5513,1062,5.2,22,9,313,295,485,3352,22,13,6.6,171,551,2161,12,3.9,108,94,834,34,33,11.3,-9.79,24,295,485,60.8,3352,22,4.5,13,2.7,76,7.1,6.8,11.7,209.5,86.4,26,108,6.6,6.3,5.1,1,1,41.25,5,551,2161,12,51,3.9,135.1,19,-44.9,29,34,208,0,21,6.1,20,422,0,41,21.1,6353,3,7,6,15,13,8,7,5,4,35,30,40,40,84,3845,71,1,45.8,14,12,22,40,0,40,40,30,35,1,372,23.3,7,194,1097,33,11.3,5.7,28.2,1.69,7,307,5571,1077,5.2,34,14,329,363,619,3890,28,20,5.9,206,420,1681,6,4,89,99,786,34,26.6,16.1,79.59,21,363,619,58.6,3890,28,4.5,20,3.2,6.7,6.1,11.4,243.1,80.4,38,251,5.9,5.4,5.8,29.48,10,420,1681,6,4,105.1,40.94,4,32,396,0,12.4,45,1169,0,26,31,22,19,33,32,83,19,6,28,32,33,19,22,307,19.2,30,199,1099,26.6,16.1,5.5,27.8,1.48
0.688,89,5.6,-1.1,4.4,5.2,-0.8,6,6506,1105,5.9,31,15,371,410,661,4894,42,16,7.1,251,415,1612,9,3.9,80,105,848,40,39.5,14.6,86.38,1,410,661,62,4894,42,6.4,16,2.4,80,7.7,7.8,12.3,305.9,96.8,29,168,7.1,7.3,4.2,1,1,150.92,22,415,1612,9,49,3.9,100.8,31,-56.98,5,45,312,0,22,6.9,38,1065,0,76,28,8093,10,10,10,10,10,8,7,3,3,31,30,50,50,69,3221,61,0,46.7,6,9,42,53,3,50,50,30,31,0,458,28.6,1,205,1136,39.5,14.6,5.5,31.6,2.18,19,369,5483,1007,5.4,26,14,309,320,543,3669,27,12,6.3,175,423,1814,14,4.3,103,101,866,31,28.1,12.6,-7.22,12,320,543,58.9,3669,27,5,12,2.2,7.2,7.2,12.3,229.3,88.7,41,263,6.3,6.3,7,-16.5,18,423,1814,14,4.3,113.4,-0.48,28,35,205,0,5.9,26,587,0,22.6,23,19,15,46,46,90,27,14,27,46,46,15,19,369,23.1,31,199,1026,28.1,12.6,5.2,27.5,1.67
0.188,-163,-10.2,-0.3,-10.5,-7.8,-2.7,32,4634,988,4.7,26,8,271,325,557,3001,15,18,4.8,154,360,1633,9,4.5,86,73,573,31,22.6,12.8,-128.71,31,325,557,58.3,3001,15,2.7,18,3.2,63,6.2,5.3,10.6,187.6,72,71,450,4.8,4,11.3,1,1,-106.21,21,360,1633,9,62,4.5,102.1,15,-8.91,9,37,264,0,23,7.1,43,1033,0,40,24,6424,13,3,3,8,7,9,7,6,3,26,20,23,23,96,4464,69,2,46.5,32,9,15,27,4,23,23,20,26,1,249,15.6,6,195,1014,22.6,12.8,5.2,23.7,1.17,26,412,5932,1085,5.5,20,14,330,355,541,3899,24,6,6.7,200,499,2033,15,4.1,107,115,886,23,36.3,9.8,-39.34,22,355,541,65.6,3899,24,4.4,6,1.1,7.7,8.1,11.8,243.7,99.1,45,275,6.7,7,7.7,-67.17,27,499,2033,15,4.1,127.1,20.76,25,52,464,0,8.9,22,516,0,23.5,21,35,31,45,45,75,1,15,24,45,45,31,35,412,25.8,24,193,1120,36.3,9.8,5.8,30.7,1.9
0.563,72,4.5,1.1,5.6,0,5.7,16,5100,962,5.3,17,11,309,320,493,3182,18,6,5.9,184,420,1918,18,4.6,92,88,681,33,35.8,9.2,37.4,29,320,493,64.9,3182,18,3.7,6,1.2,70,7,7.1,10.7,198.9,92.2,49,246,5.9,6,9,3,3,58.31,10,420,1918,18,63,4.6,119.9,22,-2.73,1,50,605,1,81,12.1,51,1430,1,99,28,7366,22,10,10,7,6,10,7,2,1,30,25,38,38,71,3164,69,0,44.6,16,18,18,40,2,38,38,25,30,0,353,22.1,31,173,992,35.8,9.2,5.7,29.4,1.93,2,281,5288,1024,5.2,14,8,310,318,545,3252,22,6,5.5,184,433,2036,4,4.7,108,107,851,18,32.6,6.7,-5.79,2,318,545,58.3,3252,22,4,6,1.1,6.4,6.7,11,203.3,86.4,46,253,5.5,5.8,7.8,-17.03,28,433,2036,4,4.7,127.3,8.98,32,29,190,0,6.6,54,1293,0,23.9,12,37,32,25,25,78,17,4,22,25,25,32,37,281,17.6,8,178,1061,32.6,6.7,6,29.7,1.56
0.5,15,0.9,1.6,2.6,2.9,-0.4,11,5601,1040,5.4,23,11,361,394,595,3729,27,12,5.8,226,399,1872,12,4.7,99,81,635,36,37.6,10.5,68.79,17,394,595,66.2,3729,27,4.5,12,2,50,6.8,6.8,10.3,233.1,92.5,46,337,5.8,5.8,7.2,2,1,83.74,12,399,1872,12,97,4.7,117,27,-11.91,22,25,204,0,32,8.2,41,1082,0,74,26.4,7270,27,12,12,8,7,10,6,6,3,37,29,41,41,59,2688,60,1,45.6,11,12,27,42,1,41,41,29,37,3,388,24.3,17,181,1077,37.6,10.5,6,30.9,1.99,20,373,5494,1029,5.3,25,11,309,338,537,3557,27,14,6.2,194,453,1937,13,4.3,99,105,920,16,36.7,13.3,-25.46,6,338,537,62.9,3557,27,5,14,2.6,7,6.8,11.1,222.3,89.7,39,211,6.2,6,6.8,-48.03,24,453,1937,13,4.3,121.1,16.29,11,36,349,0,9.7,46,1237,1,26.9,7,34,26,39,39,61,22,13,27,39,39,26,34,373,23.3,14,180,1063,36.7,13.3,5.9,30.3,1.99
0.438,-18,-1.1,-0.5,-1.7,-2.8,1.1,20,5048,981,5.1,20,2,288,322,517,3244,17,18,5.7,171,413,1804,12,4.4,90,100,836,27,31.8,10.8,2.96,28,322,517,62.3,3244,17,3.3,18,3.5,87,6.9,6,11.1,202.8,79.2,51,322,5.7,4.9,9,3,3,1.79,14,413,1804,12,67,4.4,112.8,12,4.02,7,27,297,0,35,11,54,1173,0,51,21.7,6819,19,5,4,10,8,9,7,9,5,35,26,29,29,76,3318,62,1,43.7,20,12,17,35,4,29,29,26,35,0,325,20.3,25,176,1016,31.8,10.8,5.8,28.5,1.64,11,343,5515,1025,5.4,19,6,321,353,534,3572,26,13,6.2,189,450,1943,10,4.3,100,112,938,32,34.1,10.1,-42.67,7,353,534,66.1,3572,26,4.9,13,2.4,7.1,7,10.7,223.3,92.8,41,217,6.2,6.1,7.1,-57.96,25,450,1943,10,4.3,121.4,7.87,26,39,255,0,6.5,28,579,0,20.7,14,31,25,37,36,76,13,10,26,36,37,25,31,343,21.4,10,179,1056,34.1,10.1,5.9,30.6,1.83
0.75,155,9.7,1.3,10.9,7.5,3.5,4,5848,1073,5.5,13,4,361,392,609,4121,34,9,6.5,228,438,1727,13,3.9,96,120,1080,37,45.3,7.2,169.27,9,392,609,64.4,4121,34,5.6,9,1.5,69,7,7.5,10.9,257.6,97.5,26,170,6.5,6.9,4.1,4,4,190.36,18,438,1727,13,43,3.9,107.9,13,-6.34,16,41,431,1,84,10.5,31,693,0,81,22.4,7164,5,11,11,11,10,13,12,1,1,37,35,51,51,67,3060,67,1,45.7,4,13,34,52,1,51,51,35,37,0,468,29.3,16,181,1110,45.3,7.2,6.1,32.3,2.4,8,313,5506,1033,5.3,25,9,329,342,574,3837,24,16,6.2,196,419,1669,6,4,88,92,752,45,32.4,13.2,-27.24,17,342,574,59.6,3837,24,4.2,16,2.8,7.2,6.8,12,239.8,84,40,282,6.2,5.9,6.5,-61,9,419,1669,6,4,104.3,20.24,17,29,267,0,9.2,45,955,0,21.2,28,37,29,28,28,65,29,6,24,28,28,29,37,313,19.6,18,182,1070,32.4,13.2,5.9,30.2,1.63
0.438,-23,-1.4,-1.5,-2.9,1.9,-4.8,9,6582,1095,6,30,13,395,456,659,4764,33,17,6.9,258,406,1818,16,4.5,101,80,670,36,39.1,16.7,142.36,3,456,659,69.2,4764,33,5,17,2.6,69,7.5,7.4,10.9,297.8,97,30,188,6.9,6.8,4.4,2,2,143.71,13,406,1818,16,67,4.5,113.6,22,4.07,32,19,134,0,32,7.1,21,543,0,99,25.9,7425,31,6,6,9,9,5,3,2,1,22,19,47,46,58,2690,63,0,46.4,9,16,33,49,1,46,47,19,22,2,401,25.1,29,174,1117,39.1,16.7,6.4,37.7,2.3,28,424,6144,1022,6,17,5,345,341,546,4019,26,12,6.9,205,442,2125,17,4.8,111,105,889,29,43.3,9.9,-147.8,25,341,546,62.5,4019,26,4.8,12,2.2,7.7,7.7,12.3,251.2,92.9,34,188,6.9,6.9,5.9,-115.66,29,442,2125,17,4.8,132.8,-34.86,1,24,99,0,4.1,39,1029,0,26.4,2,32,31,43,43,63,24,17,26,43,43,31,32,424,26.5,2,171,1054,43.3,9.9,6.2,35.8,2.3
0.375,-20,-1.3,-0.4,-1.7,0.8,-2.5,13,5875,1086,5.4,28,14,336,383,607,4272,30,14,6.7,218,449,1603,13,3.6,83,101,896,35,34.7,12.4,27.58,7,383,607,63.1,4272,30,4.9,14,2.3,80,7.4,7.3,11.7,267,92.2,30,198,6.7,6.7,4.7,1,1,82.92,23,449,1603,13,50,3.6,100.2,21,-43.06,13,29,224,0,25,7.7,44,1025,0,45,23.3,7324,9,7,6,9,9,5,4,4,4,26,24,44,44,81,3640,71,1,44.9,13,13,30,44,0,44,44,24,26,0,380,23.8,9,193,1112,34.7,12.4,5.8,30.3,1.93,22,400,6012,1007,6,26,9,326,324,522,3850,25,17,6.8,187,438,2162,15,4.9,112,105,948,27,35.4,12.8,-56.64,18,324,522,62.1,3850,25,4.8,17,3.3,8,7.5,12.8,240.6,89.4,47,313,6.8,6.3,8.3,-52.7,30,438,2162,15,4.9,135.1,-6.02,19,37,391,1,10.6,32,587,0,18.3,24,31,29,41,41,75,20,15,25,41,41,29,31,400,25,26,195,1038,35.4,12.8,5.3,30.8,1.88
0.25,-118,-7.4,2.3,-5,-4,-1,28,5226,1052,5,24,9,289,287,498,2946,16,15,5.4,154,507,2280,11,4.5,112,109,932,23,31.7,11.8,-47.78,32,287,498,57.6,2946,16,3.2,15,3,74,6.4,5.7,11.2,184.1,75.1,47,260,5.4,4.8,8.6,1,2,-10.34,3,507,2280,11,71,4.5,142.5,25,-19.76,2,43,273,0,41,6.3,58,1342,0,87,23.1,7076,16,13,13,7,7,13,9,6,3,39,32,23,23,79,3580,69,1,45.3,28,11,16,27,4,23,23,32,39,1,283,17.7,13,186,1091,31.7,11.8,5.9,28,1.53,24,401,5235,976,5.4,13,7,300,345,538,3746,31,6,6.4,194,393,1489,10,3.8,74,91,780,32,37.2,5.5,-74.3,14,345,538,64.1,3746,31,5.8,6,1.1,7.5,8.2,11.8,234.1,101.5,45,310,6.4,7,7.7,-99.33,5,393,1489,10,3.8,93.1,21.38,31,25,250,0,10,51,1110,0,21.8,16,32,26,44,43,81,5,10,31,43,44,26,32,401,25.1,19,183,1008,37.2,5.5,5.5,28.4,2.03
0.188,-199,-12.4,3.4,-9,-4.3,-4.7,31,4515,994,4.5,29,13,248,365,629,3275,22,16,5,173,337,1240,4,3.7,56,116,939,19,22.7,13.6,-139.12,26,365,629,58,3275,22,3.5,16,2.5,77,5.5,5,9.5,204.7,74.4,28,181,5,4.6,4.3,1,1,-60.61,32,337,1240,4,90,3.7,77.5,28,-71.76,4,37,261,0,27,7.1,47,1027,0,42,21.9,5976,2,2,2,5,5,10,9,5,3,22,19,28,28,109,4930,62,0,45.2,31,4,22,28,0,28,28,19,22,0,253,15.8,3,198,1016,22.7,13.6,5.1,22.6,1.21,32,452,5721,1041,5.5,14,5,320,343,538,3810,29,9,6.8,190,481,1911,17,4,95,116,941,35,39.6,6.6,-56.86,16,343,538,63.8,3810,29,5.4,9,1.7,7.4,7.7,11.6,238.1,96.9,22,157,6.8,7.1,3.9,-127.44,22,481,1911,17,4,119.4,48.36,29,47,513,1,10.9,21,683,0,32.5,30,38,32,50,50,83,2,17,29,50,50,32,38,452,28.3,27,197,1079,39.6,6.6,5.5,29.1,2.12
0.625,74,4.6,-0.7,3.9,6.6,-2.7,3,6348,1127,5.6,36,15,356,384,621,4356,27,21,6.7,218,474,1992,16,4.2,109,115,995,29,36.9,17.2,46.41,6,384,621,61.8,4356,27,4.3,21,3.4,72,7.4,6.7,11.9,272.3,84.8,32,225,6.7,6.1,4.9,2,3,89.05,9,474,1992,16,53,4.2,124.5,25,-33.02,14,41,531,2,82,13,32,874,2,107,27.3,8049,1,10,10,16,14,6,4,4,4,36,32,54,54,76,3331,68,0,43.8,3,16,27,54,0,54,54,32,36,0,474,29.6,2,203,1163,36.9,17.2,5.7,31.1,1.96,23,400,6009,1113,5.4,28,16,338,345,591,4238,30,12,6.6,211,473,1771,14,3.7,88,121,1089,39,31.1,12.7,-11.84,31,345,591,58.4,4238,30,5.1,12,2,7.8,7.9,13.3,264.9,91.6,49,357,6.6,6.7,7.7,-97.59,15,473,1771,14,3.7,110.7,70.1,20,29,238,1,8.2,52,1183,0,22.8,32,27,22,47,46,91,30,14,30,46,47,22,27,400,25,32,212,1140,31.1,12.7,5.4,28.2,1.76
0.688,68,4.3,-2,2.2,4.4,-2.1,7,6577,1068,6.2,21,11,379,411,612,4825,33,10,7.5,243,423,1752,10,4.1,98,103,834,38,41.4,11.5,162.53,2,411,612,67.2,4825,33,5.4,10,1.6,94,8.2,8.5,12.2,301.6,103.2,33,172,7.5,7.8,5.1,2,3,189.59,16,423,1752,10,81,4.1,109.5,16,-29.11,21,32,321,1,71,10,35,758,0,41,21.7,7811,20,13,12,6,6,10,10,3,1,32,29,45,45,62,2667,74,1,43,7,10,33,49,4,45,45,29,32,1,436,27.3,28,174,1100,41.4,11.5,6.3,37.5,2.23,18,368,5654,944,6,21,10,314,350,543,4049,30,11,7,193,368,1605,9,4.4,88,97,835,33,39.7,11.5,-80.8,27,350,543,64.5,4049,30,5.5,11,2,7.8,8,12.1,253.1,98.3,33,194,7,7.2,5.7,-113.35,6,368,1605,9,4.4,100.3,22.78,12,27,220,0,8.1,54,1249,1,23.1,11,32,30,38,38,68,26,9,30,38,38,30,32,368,23,4,174,976,39.7,11.5,5.6,32.4,2.09
0.563,0,0,1.9,1.9,0.7,1.2,17,5465,1009,5.4,23,5,326,380,574,4098,31,18,6.7,214,398,1367,6,3.4,75,111,967,37,33.9,12.6,51.84,10,380,574,66.2,4098,31,5.4,18,3.1,59,7.5,7.2,11.3,256.1,93.4,37,198,6.7,6.4,6.1,3,3,111.54,30,398,1367,6,52,3.4,85.4,15,-48.68,30,23,203,0,58,8.8,26,577,0,35,22.2,6491,17,6,6,9,8,6,4,4,3,26,22,40,40,75,3366,72,1,44.9,17,6,31,40,0,40,40,22,26,1,348,21.8,30,174,1035,33.9,12.6,5.9,31.3,1.87,13,348,5413,988,5.5,18,11,307,320,524,3427,24,7,6.2,168,438,1986,11,4.5,98,129,1067,41,35.8,9.5,-53.24,4,320,524,61.1,3427,24,4.6,7,1.3,6.9,7.2,11.3,214.2,91.3,26,178,6.2,6.5,4.7,-79.59,26,438,1986,11,4.5,124.1,19.69,3,35,366,0,10.5,67,1488,0,22.2,17,34,28,36,36,69,16,11,24,36,36,28,34,348,21.8,9,179,1022,35.8,9.5,5.7,30.2,1.88
0.5,-34,-2.1,1.2,-1,-3,2.1,25,5239,1009,5.2,22,12,303,292,487,3063,20,10,5.7,165,470,2176,10,4.6,104,116,937,34,30.9,11.8,10.63,30,292,487,60,3063,20,4.1,10,2.1,80,7,6.9,11.7,191.4,86.3,52,344,5.7,5.6,9.6,3,2,46.81,4,470,2176,10,90,4.6,136,18,-32.96,8,35,227,0,23,6.5,45,1104,0,57,24.5,6943,28,6,6,9,8,7,5,9,6,31,25,33,33,73,3369,71,1,46.2,25,10,20,33,0,33,33,25,31,0,306,19.1,23,178,1040,30.9,11.8,5.8,29.4,1.6,10,340,5143,989,5.2,29,6,308,324,551,3531,29,23,6,188,402,1612,7,4,83,122,909,37,32,16.6,-8.98,5,324,551,58.8,3531,29,5.3,23,4.2,6.8,5.9,11.5,220.7,79.5,36,200,6,5.2,6.1,-46.52,7,402,1612,7,4,100.8,29,24,36,336,1,9.3,40,907,0,22.7,6,20,20,40,40,74,8,7,29,40,40,20,20,340,21.3,5,175,1009,32,16.6,5.8,29.3,1.78
0.75,140,8.8,0.8,9.5,2.4,7.1,10,6012,1021,5.9,14,7,328,287,454,3250,20,7,6.6,160,525,2762,20,5.3,144,130,1009,24,40.6,6.9,135.41,27,287,454,63.2,3250,20,4.4,7,1.5,80,7.7,7.9,12.2,203.1,95.1,42,242,6.6,6.7,8.5,2,5,88.28,1,525,2762,20,79,5.3,172.6,23,65.66,12,36,252,0,38,7,39,820,0,47,21,7306,18,10,10,10,10,13,9,4,2,37,31,41,41,62,2688,66,1,43.4,10,20,20,43,1,41,41,31,37,1,394,24.6,26,175,1058,40.6,6.9,6,34.2,2.13,1,254,4274,924,4.6,24,11,277,313,507,2970,17,13,5.5,175,380,1304,8,3.4,70,70,613,32,26.9,12.3,50.43,1,313,507,61.7,2970,17,3.4,13,2.6,6.3,5.8,10.2,185.6,80.4,37,234,5.5,5,6.8,-20.84,3,380,1304,8,3.4,81.5,71.63,21,17,195,1,11.5,43,1035,0,24.1,15,24,21,25,25,83,23,8,17,25,25,21,24,254,15.9,3,171,948,26.9,12.3,5.5,25,1.39
0.375,-30,-1.9,1,-0.8,-1.2,0.4,21,5035,957,5.3,27,11,288,327,515,3400,20,16,6,189,395,1635,11,4.1,79,123,1139,20,29.6,14,-56.29,23,327,515,63.5,3400,20,3.9,16,3.1,63,7.2,6.6,11.3,212.5,84.9,47,295,6,5.5,8.4,1,2,5.26,20,395,1635,11,89,4.1,102.2,27,-56.47,6,37,482,2,90,13,45,1099,0,75,24.4,6915,11,7,6,12,10,3,2,7,5,30,24,35,34,81,3721,61,1,45.9,21,11,20,36,1,34,35,24,30,0,324,20.3,14,186,987,29.6,14,5.3,26.9,1.55,16,354,5626,1005,5.6,25,12,301,368,540,3861,18,13,6.7,189,425,1765,12,4.2,83,105,882,29,30.2,13.2,5.33,19,368,540,68.1,3861,18,3.3,13,2.4,7.6,7.2,11.2,241.3,91.8,40,265,6.7,6.3,6.9,-57.93,14,425,1765,12,4.2,110.3,54.74,27,28,192,0,6.9,35,849,1,24.3,22,29,25,39,39,76,12,12,18,39,39,25,29,354,22.1,16,182,1034,30.2,13.2,5.7,30.8,1.57
0.125,-133,-8.3,-1.5,-9.8,-6.5,-3.3,29,4672,936,5,33,13,263,301,531,3297,21,20,5.7,162,353,1375,7,3.9,72,118,939,29,26.7,17.2,-68.29,25,301,531,56.7,3297,21,4,20,3.8,56,6.8,5.9,12,206.1,75.2,52,326,5.7,4.8,8.9,1,1,-17.44,29,353,1375,7,63,3.9,85.9,29,-42.31,26,23,249,0,53,10.8,36,819,0,45,22.8,6051,30,3,2,8,7,7,6,6,5,24,20,31,31,79,3154,56,1,39.9,29,7,21,31,0,31,31,20,24,0,277,17.3,20,180,960,26.7,17.2,5.3,25.8,1.42,25,410,5903,1067,5.5,25,11,353,387,563,4084,28,14,6.8,223,468,1819,15,3.9,103,106,935,27,38.9,13,-72.07,28,387,563,68.7,4084,28,5,14,2.5,7.6,7.5,11.1,255.3,97.4,36,210,6.8,6.7,6,-137.68,19,468,1819,15,3.9,113.7,55.01,7,32,185,1,5.8,37,868,0,23.5,3,39,29,41,41,64,4,15,28,41,41,29,39,410,25.6,21,185,1106,38.9,13,6,31.8,2.1
0.125,-184,-11.5,-0.3,-11.8,-7,-4.9,30,4859,919,5.3,26,10,258,299,513,3412,20,16,6.1,159,356,1447,6,4.1,75,111,961,24,23.6,12.6,-99.02,22,299,513,58.3,3412,20,3.9,16,3.1,80,7.3,6.7,12.5,213.3,81,50,326,6.1,5.5,8.9,0,0,-41.89,26,356,1447,6,52,4.1,90.4,23,-40.88,10,30,207,0,48,6.9,48,1121,0,52,23.4,6594,24,5,5,7,7,8,5,2,2,22,19,27,27,89,4118,79,1,46.3,30,6,20,28,1,27,27,19,22,1,254,15.9,11,191,941,23.6,12.6,4.9,25.3,1.25,29,438,5968,1099,5.4,16,4,357,347,545,3773,28,12,6.5,211,515,2195,17,4.3,119,93,731,27,40.8,8.4,-85.48,15,347,545,63.7,3773,28,5.1,12,2.2,7.3,7.4,11.5,235.8,93.6,39,222,6.5,6.5,6.7,-112.22,31,515,2195,17,4.3,137.2,8.86,23,43,350,0,8.1,31,855,1,27.6,9,39,33,47,47,73,3,17,28,47,47,33,39,438,27.4,23,191,1138,40.8,8.4,6,31.2,2.17
0.25,-137,-8.6,-0.2,-8.7,-4,-4.7,26,5738,1006,5.7,31,13,318,364,547,4047,18,18,6.7,186,401,1691,15,4.2,88,120,1130,44,29.7,15.6,4.71,11,364,547,66.5,4047,18,3.3,18,3.3,81,8.2,7.3,12.3,252.9,88.8,58,414,6.7,5.9,9.6,1,3,22.45,19,401,1691,15,30,4.2,105.7,31,-11.85,23,29,208,0,37,7.2,36,783,0,45,21.8,7159,26,11,11,7,6,8,7,1,,27,24,32,31,78,3659,77,1,46.9,26,15,18,33,1,31,32,24,27,0,301,18.8,10,192,1033,29.7,15.6,5.4,29.9,1.58,30,438,5712,976,5.9,19,12,307,345,519,3990,35,7,7.2,195,421,1722,11,4.1,77,144,1164,35,37.4,8.8,-104.87,24,345,519,66.5,3990,35,6.7,7,1.3,8.2,8.9,12.3,249.4,108.3,36,241,7.2,7.9,6.5,-172.2,12,421,1722,11,4.1,107.6,51.95,10,42,397,1,9.5,43,1111,1,25.8,5,26,22,51,50,80,7,11,35,50,51,22,26,438,27.4,17,182,1002,37.4,8.8,5.5,31.2,2.13
0.625,55,3.4,3,6.4,2.7,3.7,17,5542,1037,5.3,31,9,329,363,574,4002,24,22,6.5,205,422,1540,12,3.6,84,96,744,40,33,15.5,-11.6,13,363,574,63.2,4002,24,4.2,22,3.8,91,7.5,6.6,11.8,250.1,83.9,41,289,6.5,5.7,6.7,3,4,48.42,23,422,1540,12,80,3.6,96.3,22,-50,27,34,198,0,22,5.8,27,540,0,46,20,6626,14,11,9,8,7,12,11,5,3,36,30,37,37,78,3566,60,0,45.7,17,12,24,41,4,37,37,30,36,2,379,23.7,9,200,1073,33,15.5,5.4,27.7,1.71,1,231,4378,990,4.4,39,11,282,309,524,2752,16,28,4.8,156,422,1626,4,3.9,83,98,879,43,24.7,19.4,149.91,14,367,625,58.7,3728,29,4.6,20,3.2,6.5,6,11.1,233,80.2,47,337,5.5,5.1,7,13.96,1,370,1351,5,3.7,84.4,57.01,6,36,321,0,8.9,54,1298,0,24,20,32,25,33,33,88,17,5,29,33,33,25,32,324,20.3,28,204,1074,28.9,13.7,5.3,24.9,1.53
0.25,-90,-5.6,2.9,-2.8,1.2,-3.9,20,5490,1024,5.4,28,11,330,445,659,4243,26,17,6,227,321,1247,11,3.9,64,91,788,39,34.1,14.5,44.8,7,445,659,67.5,4243,26,3.9,17,2.6,81,6.9,6.5,10.2,265.2,89.5,44,298,6,5.7,6.3,1,1,81.36,32,321,1247,11,50,3.9,77.9,17,-27.53,30,30,250,0,25,8.3,27,659,0,40,24.4,6761,31,9,9,8,7,5,5,5,3,27,24,39,39,70,3166,63,2,45.2,20,11,26,40,1,39,39,24,27,0,353,22.1,30,179,1051,34.1,14.5,5.9,30.7,1.85,2,241,4820,975,4.9,30,10,278,375,563,3429,17,20,5.5,178,352,1391,4,4,70,84,753,30,28.7,16.3,72.19,21,341,516,66.1,3897,31,6,10,1.9,8,8.3,12.1,243.6,102.4,32,231,7.1,7.4,5.8,-116.45,31,455,2173,14,4.8,135.8,-19.47,3,33,251,0,7.6,23,571,0,24.8,2,35,34,47,47,62,13,14,31,47,47,34,35,443,27.7,2,175,1038,45.1,11.4,5.9,34.7,2.38
0.5,-32,-2,-1.5,-3.5,-5,1.4,25,4918,1090,4.5,29,6,295,363,619,3590,19,23,5.4,189,423,1328,7,3.1,68,112,942,38,30.9,13.5,-93.04,18,363,619,58.6,3590,19,3.1,23,3.7,74,6.3,5.3,10.8,224.4,72,48,324,5.4,4.4,7.2,2,4,-4.61,30,423,1328,7,47,3.1,83,15,-83.22,5,43,609,1,82,14.2,44,1163,1,77,26.4,7001,6,10,10,13,12,11,10,7,6,41,38,26,26,91,4138,69,1,45.5,25,7,19,29,3,26,26,38,41,0,320,20,2,207,1131,30.9,13.5,5.5,23.7,1.43,3,272,5071,1020,5,30,12,284,345,585,3536,19,18,5.7,181,397,1535,11,3.9,77,96,878,26,26.2,13.1,72.63,12,314,552,56.9,3681,25,4.5,16,2.9,7.1,6.7,12.5,230.1,82.2,40,257,6.2,5.8,6.8,-33.77,11,440,1687,7,3.8,105.4,52.16,28,46,419,0,9.1,38,873,0,23,27,35,32,34,34,98,8,7,25,34,34,32,35,352,22,30,204,1067,31.4,10.3,5.2,26.3,1.57
0.375,-49,-3.1,-0.1,-3.2,-1.3,-1.9,22,5410,1116,4.8,27,12,301,299,522,3103,16,15,5.4,149,546,2307,15,4.2,113,110,954,39,29.9,12.1,-76.54,28,299,522,57.3,3103,16,3.1,15,2.9,59,6.5,5.8,11.3,193.9,75,48,270,5.4,4.8,8.4,2,3,-54.97,2,546,2307,15,77,4.2,144.2,32,-21.26,26,39,243,0,25,6.2,23,469,0,28,20.4,6470,3,13,13,6,6,11,10,6,4,36,33,32,32,96,4124,66,0,43,22,15,16,34,2,32,32,33,36,0,339,21.2,1,214,1152,29.9,12.1,5.4,25.2,1.48,4,304,4891,943,5.2,19,7,274,304,507,3105,20,12,5.6,168,387,1786,11,4.6,82,91,750,24,30.4,10.5,4.34,4,310,561,55.3,3271,28,5,23,4.1,6.5,5.7,11.8,204.4,74.9,57,395,5.3,4.5,9.2,32.74,28,471,2063,10,4.4,128.9,35.34,7,45,477,1,10.6,48,1122,0,23.4,30,36,31,41,41,94,11,10,28,41,41,31,36,388,24.3,32,214,1125,32.2,14,5.3,24.7,1.68
0.75,125,7.8,1.4,9.2,0.6,8.6,18,5069,999,5.1,19,6,319,292,473,3043,24,13,5.9,169,483,2026,14,4.2,122,80,671,28,36.5,9.4,70.12,29,292,473,61.7,3043,24,5.1,13,2.7,79,7.1,6.9,11.6,190.2,88.8,43,336,5.9,5.7,8.3,4,4,54.85,11,483,2026,14,56,4.2,126.6,12,17.76,28,30,316,0,41,10.5,28,612,0,38,21.9,6322,30,9,9,5,4,7,5,6,6,27,24,42,42,70,3344,72,0,47.8,18,14,24,42,0,42,42,24,27,0,366,22.9,31,170,1026,36.5,9.4,6,29.8,1.99,5,305,5885,1067,5.5,36,15,303,334,592,3962,25,21,6.2,189,428,1923,9,4.5,88,112,852,26,27.5,15.7,35.7,6,375,563,66.6,3429,17,3,20,3.6,6.8,5.8,10.3,214.3,81.4,60,424,5.5,4.6,9.6,15.71,2,352,1391,4,4,86.9,51.89,5,36,335,0,9.3,18,407,0,22.6,3,34,30,19,19,73,15,4,17,19,19,30,34,241,15.1,3,178,1009,28.7,16.3,5.7,26.9,1.33
0.5,-33,-2.1,-2.1,-4.1,3,-7.1,2,6109,1013,6,23,10,344,373,579,4281,32,13,7,215,404,1828,13,4.5,102,85,708,27,39,12.1,90.79,5,373,579,64.4,4281,32,5.5,13,2.2,80,7.7,7.8,11.9,267.6,96.9,30,169,7,7.1,4.9,4,4,101.74,16,404,1828,13,55,4.5,114.3,21,-1.51,4,18,256,1,81,14.2,70,1614,0,80,23.1,8180,24,11,11,7,6,7,6,4,3,29,26,46,45,69,2763,65,1,40,2,13,32,52,6,45,46,26,29,0,445,27.8,27,182,1042,39,12.1,5.7,33.5,2.16,6,305,4888,1042,4.7,31,11,282,362,614,3344,22,20,5.1,178,385,1544,6,4,72,69,692,32,27.4,15.2,92.93,15,315,507,62.1,3730,25,4.9,19,3.7,7.7,7,12.4,233.1,86.9,31,189,6.9,6.3,5.8,-48.62,32,483,2583,22,5.3,161.4,-59.42,29,15,111,0,7.4,47,883,1,18.8,10,30,28,54,54,58,31,22,25,54,54,28,30,478,29.9,4,178,1051,42.7,15.2,5.9,35.5,2.36
0.688,125,7.8,-2.5,5.3,2.3,3,6,5891,1097,5.4,30,10,330,364,587,4136,33,20,6.7,205,481,1755,14,3.6,101,102,1000,24,32.3,14.9,12.59,8,364,587,62,4136,33,5.6,20,3.4,82,7.4,6.9,11.9,258.5,89,29,182,6.7,6.3,4.7,0,3,64.92,18,481,1755,14,35,3.6,109.7,20,-43.09,7,47,424,0,43,9,39,980,0,71,25.1,7625,15,2,2,7,6,9,7,4,3,22,18,53,52,75,3330,75,0,44.4,6,14,33,54,1,52,53,18,22,0,430,26.9,6,201,1119,32.3,14.9,5.6,29.2,1.91,7,324,5079,1042,4.9,30,10,309,367,625,3728,29,20,5.5,208,370,1351,5,3.7,68,111,960,33,28.9,13.7,77.66,5,362,614,59,3344,22,3.6,20,3.3,5.9,5.2,10,209,74.2,43,279,5.1,4.4,6.5,52.31,5,385,1544,6,4,96.5,31.96,27,27,254,1,9.4,52,1219,0,23.4,18,31,26,31,31,90,26,6,22,31,31,26,31,305,19.1,22,197,1073,27.4,15.2,5.4,24.8,1.39
0.25,-98,-6.1,-1.6,-7.7,-4.8,-2.9,27,5423,1078,5,29,9,301,379,681,4040,26,20,5.5,200,348,1383,4,4,77,104,920,24,26.2,13.8,-74.76,11,379,681,55.7,4040,26,3.8,20,2.9,95,6.4,5.9,11.5,252.5,75.7,49,332,5.5,5,6.7,1,2,-52.64,28,348,1383,4,45,4,86.4,17,-9.49,13,38,418,1,79,11,40,931,0,86,23.3,7092,22,7,7,6,5,9,7,4,2,26,21,33,33,86,3713,59,1,43.2,27,4,26,35,2,33,33,21,26,0,310,19.3,16,195,1104,26.2,13.8,5.7,27.8,1.4,8,335,5750,1106,5.2,24,6,327,344,580,3752,17,18,6,192,484,1998,14,4.1,114,95,748,21,33.5,11.9,-4.44,8,363,605,60,3538,29,4.8,14,2.3,6.2,6.1,10.3,221.1,84.1,40,185,5.5,5.4,6.2,-34.05,18,462,1781,13,3.9,111.3,22.28,20,38,357,0,9.4,27,612,0,22.7,11,32,27,43,43,88,6,13,29,43,43,27,32,406,25.4,27,203,1139,34,9.9,5.6,26.1,1.85
0.5,7,0.4,-1.1,-0.7,2.7,-3.4,5,5458,957,5.7,20,8,325,375,586,3954,33,12,6.4,213,336,1504,12,4.5,80,102,867,32,39.9,9.8,79.41,14,375,586,64,3954,33,5.6,12,2,82,7.2,7.4,11.3,247.1,95.7,35,272,6.4,6.6,5.6,2,4,77.73,24,336,1504,12,45,4.5,94,18,10.56,16,31,386,1,86,12.5,45,1147,0,90,25.5,7369,9,2,2,9,8,10,10,7,6,30,28,47,47,77,3467,62,0,45,5,12,33,51,4,47,47,28,30,0,439,27.4,26,183,987,39.9,9.8,5.4,29.7,2.18,9,336,5713,1026,5.6,27,12,319,324,536,3711,21,15,6.4,191,448,2002,14,4.5,101,112,990,27,31.7,13.7,-75.62,30,403,623,64.7,4589,33,5.3,15,2.4,7.8,7.7,12,286.8,96,34,246,7,7,5.2,-101.42,27,437,2056,17,4.7,128.5,-20.03,19,37,339,0,9.2,38,791,0,20.8,24,29,25,48,47,61,28,17,33,47,48,25,29,432,27,12,189,1123,39.7,13.8,5.9,35.1,2.25
0.813,207,12.9,-1.6,11.4,14.1,-2.7,1,7317,1156,6.3,26,16,435,461,675,5444,55,10,7.8,293,461,1873,16,4.1,107,117,1000,35,47.5,10.4,274.57,1,461,675,68.3,5444,55,8.1,10,1.5,78,8.3,9.2,12.1,340.3,114.4,20,128,7.8,8.8,2.9,2,2,291.3,15,461,1873,16,45,4.1,117.1,27,-18.03,9,44,343,1,81,7.8,39,974,1,105,25,8837,2,4,4,5,5,8,8,7,6,26,25,75,75,66,2893,60,1,43.8,1,16,55,76,1,75,75,25,26,0,606,37.9,4,202,1182,47.5,10.4,5.9,36.2,2.83,10,338,5969,1118,5.3,29,12,338,336,589,3824,25,17,6,208,481,2145,11,4.5,110,110,951,20,29.6,13.3,-19.08,27,357,613,58.2,4070,29,4.7,17,2.8,7.1,6.8,12.2,254.4,84.5,41,290,6.2,5.9,6.3,-99.8,7,420,1626,15,3.9,101.6,59.04,24,28,274,0,9.8,32,936,1,29.3,31,26,23,44,44,89,32,15,29,44,44,23,26,399,24.9,31,206,1100,32.5,12.6,5.3,27.5,1.83
0.438,19,1.2,-2.8,-1.6,-1.2,-0.5,13,6274,1102,5.7,34,15,350,371,634,4482,29,19,6.8,221,445,1792,15,4,106,110,925,23,32.1,17.3,28.58,3,371,634,58.5,4482,29,4.6,19,3,87,7.3,6.9,12.5,280.1,84.2,23,168,6.8,6.4,3.5,2,3,76.44,17,445,1792,15,39,4,112,28,-43.92,20,38,392,1,58,10.3,34,816,1,98,24,7614,29,5,5,8,6,7,4,3,3,24,19,43,42,73,3399,72,1,46.6,13,15,29,48,5,42,43,19,24,2,395,24.7,12,196,1126,32.1,17.3,5.7,31.8,1.86,11,348,5864,959,6.1,17,6,327,364,548,4139,23,11,7.1,208,376,1725,14,4.6,98,100,850,21,36.1,9.6,-113.64,23,338,572,59.1,3950,24,4.2,15,2.6,7.3,7,12.4,246.9,85,33,249,6.5,6.2,5.5,-84.19,6,377,1596,10,4.2,99.8,64.55,13,32,250,0,7.8,35,924,0,26.4,5,40,37,29,29,84,20,10,24,29,29,37,40,376,23.5,25,199,1022,35.7,11.1,5.1,27.7,1.75
0.531,-11,-0.7,-2.4,-3.1,0.5,-3.6,8,6404,1074,6,25,9,351,366,570,4268,25,16,6.9,201,459,2136,17,4.7,119,86,801,31,40.9,12.4,101.32,6,366,570,64.2,4268,25,4.4,16,2.8,83,8,7.6,12.4,266.8,91.7,45,270,6.9,6.6,7.3,4,3,95.35,7,459,2136,17,67,4.7,133.5,19,16.22,23,30,339,1,93,11.3,39,791,0,70,20.3,7879,26,13,13,8,8,8,6,7,5,37,33,42,42,64,2854,62,0,44.6,8,17,25,46,4,42,42,33,37,0,417,26.1,23,186,1111,40.9,12.4,6,34.5,2.15,12,352,5368,1032,5.2,24,8,284,314,552,3681,25,16,6.2,176,440,1687,7,3.8,79,126,1196,29,31.4,10.3,28.23,24,332,539,61.6,3956,30,5.6,11,2,7.8,8,12.6,247.3,95.9,44,238,6.8,7,7.5,-100.8,25,432,2000,16,4.6,125,-19.42,10,20,261,0,13.1,61,1583,1,26,8,30,24,49,48,70,25,16,30,48,49,24,30,428,26.8,5,180,1045,38.9,12.2,5.8,33.1,2.19
0.125,-152,-9.5,1.9,-7.6,-5,-2.6,31,5556,1089,5.1,31,9,307,371,633,3813,19,22,5.6,198,414,1743,7,4.2,90,112,1138,19,25.9,14.9,-90.62,15,371,633,58.6,3813,19,3,22,3.5,66,6.6,5.6,11.3,238.3,74,42,370,5.6,4.7,6.2,2,2,-65.73,21,414,1743,7,60,4.2,108.9,21,-17.63,2,42,360,1,87,8.6,51,1257,0,50,24.6,7533,16,7,7,5,5,17,12,5,1,35,26,26,26,88,4189,65,0,47.6,31,7,19,28,1,26,26,26,35,1,276,17.3,7,201,1124,25.9,14.9,5.6,27.6,1.29,13,364,5520,1014,5.4,29,15,337,355,521,3874,21,14,6.7,203,440,1646,18,3.7,87,105,978,47,31,14.7,-34,3,287,484,59.3,3123,29,6,7,1.4,6.8,7.4,11.5,195.2,93.9,32,187,6.1,6.6,6.2,-96.39,23,454,1958,11,4.3,122.4,48.56,31,43,530,1,12.3,39,1004,0,25.7,15,35,30,46,46,91,2,11,29,46,46,30,35,428,26.8,17,194,1005,36.1,5.7,5.2,26.1,1.91
0.688,55,3.4,0.6,4,1.7,2.3,15,5468,1023,5.3,14,4,318,350,582,3725,23,10,6.1,191,409,1743,15,4.3,88,66,576,39,38.8,6.9,87.1,17,350,582,60.1,3725,23,4,10,1.7,73,6.8,6.8,11.3,232.8,86.5,32,227,6.1,6.1,5.2,4,4,80.97,20,409,1743,15,51,4.3,108.9,14,5.06,14,33,326,0,51,9.9,43,1011,0,39,23.5,7080,13,6,6,11,10,17,15,6,4,40,35,34,34,77,3499,65,1,45.4,15,15,23,40,6,34,34,35,40,2,391,24.4,20,188,1063,38.8,6.9,5.7,29.1,1.97,14,370,5395,1036,5.2,20,10,303,329,569,3546,21,10,5.9,174,433,1849,18,4.3,106,92,798,23,35.3,10.5,12.67,13,324,536,60.4,3711,21,3.9,15,2.8,7.4,6.9,12.2,231.9,84.6,42,248,6.4,6,7.3,-80.57,26,448,2002,14,4.5,125.1,-5.59,18,29,396,1,13.7,43,1085,0,25.2,19,30,23,37,37,75,18,14,21,37,37,23,30,336,21,7,183,1056,31.7,13.7,5.8,31.2,1.72
0.25,-202,-12.6,1.5,-11.1,-7.1,-4,32,4701,1020,4.6,27,6,271,349,592,3441,16,21,5.4,176,378,1260,7,3.3,71,96,797,24,23.6,13.8,-151.69,22,349,592,59,3441,16,2.7,21,3.5,67,6.3,5.3,10.7,215.1,71.8,50,310,5.4,4.4,7.8,1,1,-77.39,31,378,1260,7,48,3.3,78.8,18,-60.08,21,30,142,0,17,4.7,41,1060,0,59,25.9,6225,25,3,3,12,12,5,4,5,4,25,23,23,22,95,4338,61,0,45.7,32,7,16,25,2,22,23,23,25,3,247,15.4,15,195,1045,23.6,13.8,5.4,24,1.18,15,376,5546,982,5.6,22,7,290,338,572,3950,24,15,6.5,197,377,1596,10,4.2,62,87,681,31,35.7,11.1,-12.27,25,354,551,64.2,3962,29,5.3,11,2,7.6,7.8,11.8,247.6,96.5,31,225,6.8,7,5.3,-105.54,29,507,2108,20,4.2,131.8,4.16,12,47,330,0,7,25,509,0,20.4,7,29,26,53,53,76,1,20,29,53,53,26,29,449,28.1,23,197,1118,38.1,10.7,5.7,30.7,2.14
0.688,125,7.8,-1.7,6.1,1.7,4.3,7,5396,1029,5.2,18,10,323,333,546,3340,24,8,5.7,179,442,2056,17,4.7,110,101,774,34,32,9.1,34.02,24,333,546,61,3340,24,4.4,8,1.5,71,6.5,6.7,10.7,208.8,88.6,41,221,5.7,5.9,7,1,1,53.99,10,442,2056,17,46,4.7,128.5,21,-9.9,1,59,695,2,89,11.8,44,1316,2,108,29.9,7637,1,6,6,10,9,8,6,4,1,28,22,52,52,89,4034,65,1,45.3,7,17,24,52,0,52,52,22,28,0,430,26.9,11,197,1057,32,9.1,5.4,27.3,1.79,16,381,5407,1027,5.3,25,12,329,344,545,3612,15,13,6.2,191,446,1795,21,4,108,95,779,30,35.8,13.2,-19.97,26,334,592,56.4,3962,25,4.2,21,3.5,7.2,6.5,12.8,247.6,78.5,47,309,6.2,5.5,7.4,-0.96,22,428,1923,9,4.5,120.2,18.77,32,38,246,0,6.5,43,1048,0,24.4,32,28,22,33,33,87,27,9,25,33,33,22,28,305,19.1,29,204,1095,27.5,15.7,5.4,28.8,1.49
0.5,-18,-1.1,0.3,-0.8,-2.9,2.1,26,5007,1001,5,26,7,278,357,594,3567,24,19,5.5,205,349,1440,8,4.1,61,70,598,12,29.9,13.4,-41.2,20,357,594,60.1,3567,24,4,19,3.2,67,6.7,6,11.1,222.9,80.1,58,399,5.5,4.9,8.9,4,3,1.12,26,349,1440,8,55,4.1,90,16,-36.94,15,34,264,0,34,7.8,42,901,0,50,21.5,6546,12,4,4,12,10,10,8,7,3,34,26,33,33,85,4150,74,0,48.8,26,8,24,34,1,33,33,26,34,1,317,19.8,17,194,1035,29.9,13.4,5.3,25.6,1.56,17,382,6304,1150,5.5,31,12,368,408,670,4636,25,19,6.6,239,443,1668,12,3.8,100,106,855,29,32.7,15.3,-19.45,16,344,580,59.3,3752,17,2.9,18,3.1,6.9,6.1,11.7,234.5,77.3,42,272,6,5.3,6.8,-18.47,24,484,1998,14,4.1,124.9,12.01,17,42,407,0,9.7,36,826,0,22.9,22,40,34,33,33,78,7,14,17,33,33,34,40,335,20.9,18,194,1146,33.5,11.9,5.9,29.6,1.64
0.344,-89,-5.6,-1.1,-6.6,0.2,-6.9,14,5508,1013,5.4,32,13,309,325,546,3427,18,19,5.8,173,423,2081,23,4.9,106,70,695,30,34.4,14.9,14.24,23,325,546,59.5,3427,18,3.3,19,3.5,79,6.7,5.8,11.2,214.2,76,44,218,5.8,5,7.5,3,2,-4.7,8,423,2081,23,78,4.9,130.1,23,25.14,3,22,335,1,86,15.2,66,1646,2,109,24.9,7759,17,7,7,12,12,6,5,5,2,30,26,44,43,75,3316,65,0,44.2,14,23,18,45,1,43,44,26,30,0,391,24.4,14,195,1043,34.4,14.9,5.3,28.3,1.87,18,383,5316,1089,4.9,29,12,327,361,601,3573,21,17,5.6,198,454,1743,12,3.8,101,105,904,28,31,13,63.34,31,419,648,64.7,4595,37,5.7,12,1.9,7.5,7.8,11.6,287.2,98.6,41,274,6.7,7,6,-140.4,16,443,1767,14,4,110.4,8,30,36,318,1,8.8,41,1113,1,27.1,17,29,27,53,53,77,19,14,37,53,53,27,29,480,30,21,197,1161,39.6,9.1,5.9,32.2,2.22
0.75,106,6.6,-0.7,5.9,4.5,1.4,3,6152,1138,5.4,20,9,378,380,628,4087,25,11,6.1,225,470,2065,19,4.4,110,69,625,43,40.8,10,103.33,10,380,628,60.5,4087,25,4,11,1.8,81,6.9,6.9,11.4,255.4,87.3,40,256,6.1,6.1,6,5,5,124.17,9,470,2065,19,47,4.4,129.1,24,-19.61,18,36,387,0,43,10.8,39,935,0,83,24,7769,4,8,8,13,13,13,11,6,5,41,38,44,44,77,3523,65,0,45.8,3,19,25,47,3,44,44,38,41,0,444,27.8,8,201,1179,40.8,10,5.9,30.6,2.1,19,387,5359,1048,5.1,15,2,293,345,586,3947,26,13,6.3,198,421,1412,9,3.4,68,92,833,27,35.4,7.3,-11.08,18,336,589,57,3824,25,4.2,17,2.9,7,6.6,12.3,239,81,48,313,6,5.6,7.5,-28.61,30,481,2145,11,4.5,134.1,2.26,14,29,221,0,7.6,32,664,0,20.8,29,27,22,38,38,80,30,11,25,38,38,22,27,338,21.1,20,196,1145,29.6,13.3,5.8,30.3,1.62
0.688,110,6.9,1.9,8.8,3.8,5,10,6391,1079,5.9,19,7,359,446,651,4918,39,12,7.1,244,391,1473,10,3.8,87,95,817,28,40.3,8.3,152.24,2,446,651,68.5,4918,39,6,12,1.8,76,7.9,8.3,11.6,307.4,104.5,37,244,7.1,7.5,5.4,3,3,177.27,25,391,1473,10,38,3.8,92.1,12,-22.06,32,32,194,0,28,6.1,22,506,0,82,23,7376,27,7,6,8,5,14,10,1,1,32,24,48,48,61,2859,61,0,46.9,10,10,39,49,1,48,48,24,32,0,414,25.9,29,181,1111,40.3,8.3,6.1,35.3,2.29,20,388,5334,1089,4.9,30,7,308,310,561,3271,28,23,5.3,170,471,2063,10,4.4,98,108,931,40,32.2,14,68.83,2,304,507,60,3105,20,3.9,12,2.4,6.8,6.5,11.3,194.1,83.6,49,336,5.6,5.3,8.8,4.41,19,387,1786,11,4.6,111.6,-5.95,1,24,180,0,7.5,33,830,0,25.2,6,28,24,32,32,83,23,11,20,32,32,24,28,304,19,6,181,971,30.4,10.5,5.4,27,1.6
0.438,-89,-5.6,0.2,-5.4,-6.2,0.8,28,4920,988,5,44,15,280,325,567,3588,18,29,5.9,176,381,1332,11,3.5,77,91,786,27,25.5,20.1,-127.73,19,325,567,57.3,3588,18,3.2,29,5.1,70,6.8,5.2,11.9,224.3,67.6,40,287,5.9,4.4,6.6,1,2,-38.6,29,381,1332,11,49,3.5,83.3,26,-85.03,12,34,246,0,32,7.2,44,933,0,56,21.2,6362,19,8,8,8,7,8,7,2,1,26,23,31,31,91,4271,68,0,46.9,28,11,18,32,1,31,31,23,26,0,294,18.4,3,204,1014,25.5,20.1,5,23.9,1.33,21,389,5568,1020,5.5,31,10,324,352,547,3806,30,21,6.5,190,438,1762,10,4,95,105,1012,39,38,15,-32.43,10,361,601,60.1,3573,21,3.5,17,2.8,6.3,5.7,10.5,223.3,78.3,34,214,5.6,5.1,5.4,10.55,14,454,1743,12,3.8,108.9,45.04,21,48,655,3,13.6,33,721,0,21.8,14,30,29,40,40,87,5,12,21,40,40,29,30,383,23.9,26,200,1119,31,13,5.6,26.5,1.59
0.5,-97,-6.1,0,-6.1,-4.7,-1.4,29,5090,1020,5,29,7,280,266,480,2932,13,22,5.6,154,493,2158,12,4.4,105,108,837,21,29.6,14.8,-100.47,31,266,480,55.4,2932,13,2.7,22,4.6,69,6.8,5.3,12.3,183.3,66.6,47,338,5.6,4.2,8.9,2,5,-68.88,6,493,2158,12,69,4.4,134.9,15,-23.34,22,25,224,0,24,9,45,1021,0,42,22.7,6640,11,8,8,11,10,14,12,3,3,36,33,27,27,89,4018,84,1,45.1,29,12,13,27,0,27,27,33,36,1,290,18.1,13,196,1056,29.6,14.8,5.4,25.8,1.4,22,399,5696,1074,5.3,26,9,339,357,613,4070,29,17,6.2,208,420,1626,15,3.9,90,97,807,41,32.5,12.6,-37.26,22,345,586,58.9,3947,26,4.4,13,2.2,7.1,7,12.1,246.7,86.5,41,242,6.3,6.2,6.5,-80.2,3,421,1412,9,3.4,88.3,66.66,11,43,488,0,11.3,42,938,0,22.3,21,37,33,40,40,82,4,9,26,40,40,33,37,387,24.2,16,192,1085,35.4,7.3,5.7,28,1.79
0.25,-131,-8.2,0.2,-8,-3.8,-4.2,24,5340,1000,5.3,31,11,275,298,519,3340,17,20,5.9,168,437,2000,16,4.6,90,116,912,17,27.8,14.9,-57.85,25,298,519,57.4,3340,17,3.3,20,3.9,73,7,5.9,12.2,208.8,73.9,44,289,5.9,4.9,7.8,0,0,-33.55,12,437,2000,16,93,4.6,125,27,-11.83,11,25,206,0,30,8.2,54,1201,0,41,22.2,7147,10,6,6,6,4,11,8,7,3,30,21,37,37,86,4107,66,2,47.8,24,16,17,37,0,37,37,21,30,0,322,20.1,18,194,1030,27.8,14.9,5.3,27.4,1.52,23,406,5319,1107,4.8,21,7,328,363,605,3538,29,14,5.5,197,462,1781,13,3.9,103,95,745,28,34,9.9,-8.9,28,374,549,68.1,4092,33,6,9,1.6,7.9,8.4,11.6,255.8,105.1,38,260,7,7.4,6.5,-132.53,13,442,1727,15,3.9,107.9,31.69,22,42,438,1,10.4,30,613,1,20.4,23,28,25,52,52,77,9,15,33,52,52,25,28,453,28.3,11,189,1057,38.6,9.5,5.6,30.8,2.17
0.625,60,3.8,-1.9,1.9,2.3,-0.5,4,6676,1054,6.3,19,10,355,310,508,4110,32,9,7.4,197,500,2566,19,5.1,133,95,846,25,36.8,9,135.7,9,310,508,61,4110,32,6.3,9,1.8,70,8.7,9.1,14.2,256.9,102.7,46,296,7.4,7.8,8.3,1,1,117.53,1,500,2566,19,65,5.1,160.4,19,22.32,25,26,171,0,32,6.6,37,790,0,47,21.4,7929,7,8,8,8,7,10,7,2,1,28,23,45,45,83,3681,70,1,44.3,4,19,32,53,8,45,45,23,28,2,442,27.6,5,201,1082,36.8,9,5.4,33.1,2.12,24,428,5081,970,5.2,11,4,282,287,484,3123,29,7,6.1,158,454,1958,11,4.3,88,103,809,36,36.1,5.7,-40.35,32,408,670,60.9,4636,25,3.7,19,2.8,7.3,6.8,12,289.8,84,37,271,6.6,6.1,5.2,-83.56,10,443,1668,12,3.8,104.3,57.45,8,28,223,1,8,52,1229,2,23.6,26,32,27,36,35,74,29,12,25,35,36,27,32,382,23.9,19,196,1182,32.7,15.3,6,31.8,1.73
0.5,9,0.6,-2.5,-2,-0.9,-1,16,5400,1023,5.3,24,10,312,377,586,4017,28,14,6.4,207,394,1383,9,3.5,81,80,677,24,35.4,12.7,12.94,12,377,586,64.3,4017,28,4.8,14,2.4,67,7.3,7.2,11.4,251.1,92.3,43,289,6.4,6.3,6.8,1,3,68.54,27,394,1383,9,43,3.5,86.4,16,-55.82,17,32,409,1,67,12.8,43,962,0,46,22.4,7147,20,9,9,15,13,8,8,,,32,30,39,39,76,3125,70,1,41.1,16,9,28,41,2,39,39,30,32,1,379,23.7,19,189,1055,35.4,12.7,5.6,28.6,1.85,25,428,5956,1015,5.9,22,11,330,332,539,3956,30,11,6.8,190,432,2000,16,4.6,116,99,883,24,38.9,12.2,-111.62,9,329,569,57.8,3546,21,3.7,10,1.8,6.6,6.5,11.4,221.6,82.7,34,205,5.9,5.8,5.6,-16.16,21,433,1849,18,4.3,115.6,9.34,16,35,313,0,8.9,55,1233,0,22.4,13,31,28,39,38,79,16,18,21,38,39,28,31,370,23.1,13,190,1067,35.3,10.5,5.6,28.4,1.88
0.563,48,3,-0.3,2.7,0.5,2.1,12,6293,1060,5.9,21,10,373,378,544,4328,32,11,7.5,230,486,1965,9,4,104,95,765,39,44.9,11.4,178.64,4,378,544,69.5,4328,32,5.9,11,2,60,8.2,8.5,11.8,270.5,105.5,30,150,7.5,7.8,5.2,4,4,203.42,13,486,1965,9,51,4,122.8,14,-10.93,31,22,166,0,28,7.5,32,707,0,42,22.1,7339,32,9,9,16,13,9,9,2,2,37,34,42,42,56,2417,61,0,43.2,12,9,32,42,0,42,42,34,37,0,396,24.8,32,167,1097,44.9,11.4,6.6,37.7,2.33,26,432,6645,1094,6.1,28,13,388,403,623,4589,33,15,7,231,437,2056,17,4.7,122,112,875,35,39.7,13.8,-113.29,29,364,548,66.4,4139,23,4.2,11,2,8,7.9,12.1,258.7,96.4,35,248,7.1,7,6,-81.33,12,376,1725,14,4.6,107.8,-34.79,2,19,158,0,8.3,73,1797,0,24.6,1,30,23,39,39,65,21,14,23,39,39,23,30,348,21.8,1,166,989,36.1,9.6,6,35.2,1.98
0.75,134,8.4,1.8,10.1,3.5,6.6,11,5180,961,5.4,18,10,286,244,417,2979,21,8,6.5,148,505,2201,18,4.4,115,103,845,23,37.8,9,47.52,30,244,417,58.5,2979,21,5,8,1.9,64,7.7,7.8,13.2,186.2,91.7,39,231,6.5,6.7,8.6,3,4,85.58,3,505,2201,18,51,4.4,137.6,20,-18.1,24,35,312,0,40,8.9,32,726,0,47,22.7,6507,5,13,12,6,6,11,10,6,4,36,32,44,44,79,3804,62,0,48.2,11,18,21,44,0,44,44,32,36,1,406,25.4,22,188,997,37.8,9,5.3,27.5,1.96,27,443,6070,1003,6.1,21,11,326,341,516,3897,31,10,7.1,196,455,2173,14,4.8,102,104,885,28,45.1,11.4,-123.26,7,345,585,59,3536,19,3.2,18,3.1,6.5,5.8,11.1,221,76.4,38,283,5.7,5,6.1,0.22,4,397,1535,11,3.9,95.9,58.63,9,38,330,0,8.7,54,1104,1,20.4,28,25,20,28,28,87,22,11,19,28,28,20,25,272,17,15,191,1045,26.2,13.1,5.5,26.5,1.41
0.813,186,11.6,1.4,13,4.1,8.9,9,5424,973,5.6,19,10,307,267,420,3236,27,9,7,160,509,2188,14,4.3,116,128,1183,31,40.7,9.3,50.15,26,267,420,63.6,3236,27,6.4,9,2.1,80,8.4,8.7,13.1,202.3,102.4,44,272,7,7.3,9.5,4,5,111.62,4,509,2188,14,43,4.3,136.8,26,-43.64,8,52,579,0,71,11.1,33,698,0,58,21.2,6970,8,11,10,9,9,12,11,3,3,35,33,44,44,76,3159,69,2,41.6,9,14,27,45,1,44,44,33,35,2,417,26.1,28,182,1008,40.7,9.3,5.5,29.7,2.12,28,449,6070,1089,5.6,21,10,353,354,551,3962,29,11,6.8,200,507,2108,20,4.2,121,87,729,32,38.1,10.7,-85.38,1,309,524,59,2752,16,3.1,28,5.3,5.8,4,9.9,172,63.4,44,298,4.8,3.2,7.7,102.85,8,422,1626,4,3.9,101.6,44.59,25,21,82,0,3.9,44,1056,0,24,25,27,26,17,17,82,24,4,16,17,17,26,27,231,14.4,9,186,1018,24.7,19.4,5.5,23.4,1.17
0.438,-16,-1,3.2,2.2,0.4,1.8,21,4877,968,5,21,10,282,301,506,3125,22,11,5.8,165,426,1752,10,4.1,82,123,1009,35,31.5,11.4,-36.37,27,301,506,59.5,3125,22,4.3,11,2.2,81,6.6,6.5,11.2,195.3,84.8,36,235,5.8,5.7,6.6,1,1,7.71,19,426,1752,10,65,4.1,109.5,20,-48.54,10,43,378,1,98,8.8,37,835,0,32,22.6,6483,28,7,7,10,10,9,8,2,1,28,26,34,34,78,3609,64,0,46.3,21,10,22,38,4,34,34,26,28,1,348,21.8,24,184,996,31.5,11.4,5.4,26.5,1.64,29,453,5819,1029,5.7,22,13,330,374,549,4092,33,9,7,202,442,1727,15,3.9,100,87,686,28,38.6,9.5,-94.75,19,355,521,68.1,3874,21,4,14,2.7,8.1,7.7,11.8,242.1,94.7,53,326,6.7,6.4,9.2,-80.88,9,440,1646,18,3.7,102.9,45.11,23,30,79,0,2.6,25,544,0,21.8,4,26,18,42,42,74,12,18,21,42,42,18,26,364,22.8,8,184,1039,31,14.7,5.6,30,1.78
0.25,-101,-6.3,3.6,-2.7,-2.9,0.3,30,4432,981,4.5,21,9,269,291,514,2820,22,12,5,157,420,1612,6,3.8,75,121,1136,37,27.1,9.6,-76.79,32,291,514,56.6,2820,22,4.3,12,2.3,85,6.2,6,10.9,176.3,79.6,47,361,5,4.8,8.4,2,2,-18.49,22,420,1612,6,80,3.8,100.8,18,-52.12,29,24,268,0,52,11.2,34,811,0,44,23.9,5868,21,3,3,14,12,6,4,6,4,29,23,31,31,87,3846,62,0,44.2,30,6,22,31,0,31,31,23,29,1,288,18,21,188,1010,27.1,9.6,5.4,23.4,1.41,30,478,5665,993,5.7,26,10,329,337,514,3896,29,16,7.1,204,443,1769,23,4,102,83,697,23,36.7,13.1,-51.25,17,352,547,64.4,3806,30,5.5,21,3.8,7.4,6.8,11.5,237.9,88.9,35,255,6.5,5.9,6,-75.41,15,438,1762,10,4,110.1,38.2,4,35,393,0,11.2,24,452,0,18.8,12,32,31,40,40,68,3,10,30,40,40,31,32,389,24.3,10,187,1052,38,15,5.6,29.8,1.99
0.438,-19,-1.2,0.4,-0.8,-0.2,-0.6,19,5390,1032,5.2,25,9,311,328,533,3496,22,16,6.1,172,462,1894,16,4.1,103,101,900,36,34.2,11.4,34,21,328,533,61.5,3496,22,4.1,16,3,77,7,6.4,11.3,218.5,83.6,37,214,6.1,5.6,6.5,3,4,55.4,14,462,1894,16,39,4.1,118.4,27,-12.25,19,31,240,0,35,7.7,44,1096,0,95,24.9,6982,18,10,10,9,8,7,5,3,2,29,25,41,41,79,3386,63,1,42.9,19,16,22,41,0,41,41,25,29,0,362,22.6,25,184,1061,34.2,11.4,5.8,29.1,1.85,31,478,6313,1021,6.2,28,9,353,315,507,3730,25,19,6.9,184,483,2583,22,5.3,147,69,647,22,42.7,15.2,-111.23,11,344,545,63.1,3612,15,2.8,13,2.4,7,6.5,11.2,225.8,83.3,36,227,6.2,5.7,6.2,-50.08,20,446,1795,21,4,112.2,17.37,15,35,210,0,6,45,1099,0,24.4,16,39,32,38,37,76,14,21,15,37,38,32,39,381,23.8,14,190,1066,35.8,13.2,5.6,28.3,1.83
0.188,-144,-9,-0.3,-9.3,-3.9,-5.4,23,5915,1107,5.3,34,15,329,355,611,3751,20,19,5.7,198,453,2164,14,4.8,112,99,802,19,27.6,16.6,-43.76,16,355,611,58.1,3751,20,3.3,19,3.1,62,6.6,5.9,11.4,234.4,76.1,43,306,5.7,5,6.6,1,2,-27.01,5,453,2164,14,45,4.8,135.3,30,-8.25,6,35,225,0,34,6.4,51,1018,0,39,20,7510,23,6,5,10,10,7,5,3,1,26,21,33,33,85,3526,63,1,41.5,23,14,20,39,5,33,33,21,26,0,334,20.9,10,199,1133,27.6,16.6,5.7,29.5,1.51,32,480,6362,1132,5.6,20,8,368,419,648,4595,37,12,6.7,247,443,1767,14,4,101,100,1003,20,39.6,9.1,-128.8,20,337,514,65.6,3896,29,5.6,16,3.1,8,7.8,12.3,243.5,96.1,36,238,7.1,6.8,6.5,-75.42,17,443,1769,23,4,110.6,19.66,26,39,655,3,16.8,47,1048,1,22.3,9,25,21,59,59,74,10,23,29,59,59,21,25,478,29.9,24,199,1018,36.7,13.1,5.1,28.4,2.15
0.313,-107,-6.7,3.5,-3.2,-4.8,1.6,31,4209,1018,4.1,34,13,246,337,608,3005,11,21,4.5,168,352,1204,10,3.4,58,102,857,20,22,14.8,-230.4,28,337,608,55.4,3005,11,1.8,21,3.5,53,5.6,4.4,10,187.8,63.1,58,378,4.5,3.4,8.7,3,3,-155,32,352,1204,10,52,3.4,75.3,25,-68.3,3,54,441,0,26,8.2,40,930,0,65,23.3,6113,2,6,6,10,9,10,8,2,2,28,25,25,25,112,5209,70,0,46.5,31,10,11,25,0,25,25,25,28,0,250,15.6,1,209,1046,22,14.8,5,20.1,1.06,17,357,5405,1041,5.2,33,11,288,270,497,3213,20,22,6,160,506,2192,12,4.3,107,100,810,21,27,14.2,73.31,5,270,497,54.3,3213,20,4,22,4.4,6.9,5.7,12.7,200.8,71.2,38,228,6,4.9,7.1,26.65,28,506,2192,12,4.3,137,34.1,30,48,415,0,8.6,32,846,0,26.4,31,35,25,38,38,93,2,12,20,38,38,25,35,357,22.3,32,211,1076,27,14.2,5.1,25.6,1.42
0.813,120,7.5,-1.1,6.4,2,4.5,7,5906,1021,5.8,18,4,343,422,615,4509,32,14,7,247,378,1397,12,3.7,70,55,415,26,44,10.3,153.25,6,422,615,68.6,4509,32,5.2,14,2.3,80,7.7,7.7,11.2,281.8,99.1,28,210,7,7,4.4,5,7,211.97,29,378,1397,12,43,3.7,87.3,9,-50.54,32,26,205,0,28,7.9,27,640,0,77,23.7,7028,18,9,8,11,10,13,10,4,4,38,33,44,44,62,2847,63,2,45.9,7,12,32,46,2,44,44,33,38,0,419,26.2,31,175,1059,44,10.3,6.1,33.7,2.33,5,299,5849,991,5.9,31,11,298,337,551,3878,14,20,6.7,189,411,1971,16,4.8,99,83,641,10,31.7,17.2,-42.48,23,337,551,61.2,3878,14,2.5,20,3.6,7.4,6.2,12,242.4,77.1,29,182,6.7,5.6,5,-49.35,21,411,1971,16,4.8,123.2,-2.57,1,26,241,0,9.3,48,1065,0,22.2,15,32,27,30,30,64,26,16,14,30,30,27,32,299,18.7,8,180,1023,31.7,17.2,5.7,32.5,1.62
0.625,54,3.4,-0.5,2.9,1.9,1,10,5640,1042,5.4,16,5,314,334,560,3739,22,11,6.3,182,444,1901,17,4.3,98,121,1127,34,35.8,7.8,81.26,15,334,560,59.6,3739,22,3.9,11,2,61,7.1,7,12,233.7,86.4,38,257,6.3,6.2,6.4,4,4,112.02,11,444,1901,17,78,4.3,118.8,14,-26.13,1,43,404,1,63,9.4,60,1636,2,108,27.3,7983,4,8,8,8,8,13,10,4,4,33,30,42,42,83,3911,60,0,47.1,10,17,22,44,1,42,42,30,33,0,398,24.9,8,193,1075,35.8,7.8,5.6,29.2,1.88,12,344,5615,1086,5.2,25,12,326,335,557,3650,15,13,6.1,187,492,1965,15,4,105,107,929,34,34.9,12,-10.19,17,335,557,60.1,3650,15,2.7,13,2.3,7,6.5,11.6,228.1,80.6,37,250,6.1,5.7,6.2,-51.65,20,492,1965,15,4,122.8,33.13,32,49,383,0,7.8,37,859,0,23.2,29,39,37,31,31,89,23,15,15,31,31,37,39,344,21.5,25,192,1125,34.9,12,5.9,29,1.67
0.375,-91,-5.7,-1,-6.7,-0.9,-5.8,21,5486,983,5.6,34,17,301,309,511,3269,24,17,6,176,442,2217,12,5,103,104,871,22,30,17.4,-3.15,25,309,511,60.5,3269,24,4.7,17,3.3,68,6.7,6.2,11.1,204.3,82.2,30,161,6,5.5,5.5,0,1,20.72,6,442,2217,12,62,5,138.6,23,-11.09,29,26,445,2,88,17.1,42,1136,1,89,27,7221,21,3,3,11,10,7,6,2,1,24,21,39,39,80,3542,66,0,44.3,21,12,24,40,1,39,39,21,24,1,344,21.5,11,190,1007,30,17.4,5.3,28.8,1.66,26,435,5806,1042,5.6,21,9,349,306,536,3473,25,12,6.1,182,470,2333,23,5,136,80,693,31,37.1,10.8,-101.64,10,306,536,57.1,3473,25,4.7,12,2.2,6.8,6.8,12,217.1,84.4,36,196,6.1,6,6.3,-48.63,31,470,2333,23,5,145.8,-54.21,4,35,517,2,14.8,51,1144,1,22.4,10,28,21,51,50,72,12,23,25,50,51,21,28,435,27.2,15,186,1070,37.1,10.8,5.8,31.2,2.15
0.438,-6,-0.4,1.2,0.8,-0.5,1.3,19,5771,988,5.8,22,10,328,284,490,3683,19,12,7,171,462,2088,21,4.5,123,98,835,34,32.6,10.3,96.36,16,284,490,58,3683,19,3.9,12,2.4,82,8,7.7,13.8,230.2,86.5,36,244,7,6.7,6.8,1,1,86.83,9,462,2088,21,72,4.5,130.5,22,20.16,31,27,276,0,69,10.2,39,867,0,35,22.2,7161,24,5,5,6,6,7,4,3,1,21,16,44,43,77,3267,63,1,42.4,19,21,19,44,0,43,44,16,21,1,357,22.3,30,175,1009,32.6,10.3,5.8,32.9,1.91,18,363,5329,1010,5.3,23,12,326,371,555,3568,22,11,6,196,416,1761,11,4.2,98,86,711,32,38.6,11.9,-38.02,13,371,555,66.8,3568,22,4,11,2,6.9,6.8,10.4,223,91.7,39,284,6,5.9,6.6,-53.88,14,416,1761,11,4.2,110.1,12.37,2,37,318,1,8.6,39,739,0,18.9,9,37,35,32,32,67,14,11,22,32,32,35,37,363,22.7,4,176,1047,38.6,11.9,5.9,30.3,1.91
0.625,98,6.1,0.8,6.9,1,6,16,4969,999,5,24,8,292,287,485,2999,21,16,5.7,163,470,1970,11,4.2,99,102,811,30,30.3,11.8,-38.94,29,287,485,59.2,2999,21,4.3,16,3.3,60,6.8,6.2,11.5,187.4,80.4,44,299,5.7,5.1,8.3,1,1,2.87,10,470,1970,11,46,4.2,123.1,20,-28.41,6,44,333,0,44,7.6,47,929,0,40,19.8,6557,5,10,9,10,8,11,8,2,2,33,27,40,40,81,3399,64,0,42,16,11,21,42,2,40,40,27,33,0,375,23.4,5,195,1032,30.3,11.8,5.3,25.4,1.56,3,277,5050,1021,4.9,44,20,286,350,592,3423,19,24,5.4,186,388,1627,6,4.2,75,78,704,25,25.1,20.5,124.14,8,350,592,59.1,3423,19,3.2,24,4.1,6.3,5.1,10.6,213.9,71.3,41,289,5.4,4.3,6.5,72.01,8,388,1627,6,4.2,101.7,50.07,27,25,84,0,3.4,37,767,0,20.7,28,27,23,26,26,89,17,6,19,26,26,23,27,277,17.3,28,195,1048,25.1,20.5,5.4,25.9,1.29
0.625,71,4.4,-2.4,2.1,1.2,0.9,12,5323,1016,5.2,26,10,292,335,540,3578,28,16,6.1,173,430,1745,11,4.1,95,99,857,24,35.4,12.8,-3.9,17,335,540,62,3578,28,5.2,16,3,73,7.1,6.8,11.4,223.6,88.1,46,229,6.1,5.8,7.8,2,4,5.27,18,430,1745,11,48,4.1,109.1,19,-6.56,8,47,488,1,81,10.4,41,928,0,45,22.6,7010,6,8,8,9,9,12,9,4,2,35,30,43,43,76,3540,69,0,46.6,12,11,28,43,0,43,43,30,35,0,391,24.4,6,195,1052,35.4,12.8,5.4,27.2,1.86,8,320,5115,1034,4.9,30,16,307,346,560,3400,16,14,5.6,183,423,1715,13,4.1,99,90,779,25,29.3,14.1,51.85,7,346,560,61.8,3400,16,2.9,14,2.5,6.7,6.2,10.9,212.5,80.7,51,361,5.6,5.1,8.3,25.72,12,423,1715,13,4.1,107.2,18.86,25,27,210,0,7.8,60,1468,1,24.5,27,32,27,33,33,86,21,13,16,33,33,27,32,320,20,20,191,1066,29.3,14.1,5.6,26.7,1.49
0.313,-66,-4.1,-1.2,-5.3,-4.6,-0.7,24,5028,998,5,26,8,279,328,566,3435,16,18,5.7,185,396,1593,12,4,71,113,1005,23,29.8,12,-63.47,19,328,566,58,3435,16,2.8,18,3.2,71,6.5,5.6,11.2,214.7,73.5,36,233,5.7,4.9,6,1,1,-33.56,24,396,1593,12,35,4,99.6,22,-20.42,5,41,606,1,93,14.8,50,1269,0,74,25.4,7154,14,9,8,9,8,6,6,7,7,31,29,29,29,90,3766,58,0,41.8,24,12,16,31,1,29,29,29,31,0,302,18.9,10,191,1029,29.8,12,5.4,26.2,1.48,19,368,5821,1095,5.3,29,12,345,378,600,3923,27,17,6.1,203,457,1898,14,4.2,104,120,1008,38,30.7,14.6,-33.76,25,378,600,63,3923,27,4.5,17,2.8,6.9,6.6,11,245.2,86.6,38,233,6.1,5.8,6,-76.19,19,457,1898,14,4.2,118.6,33.52,28,34,343,1,10.1,43,853,0,19.8,19,24,20,42,42,88,9,14,27,42,42,20,24,368,23,30,199,1119,30.7,14.6,5.6,29.3,1.74
0.5,-24,-1.5,1.8,0.3,1.4,-1.2,15,5994,1049,5.7,29,10,338,434,658,4729,29,19,6.8,237,355,1265,8,3.6,76,117,853,25,36.7,15,67.75,3,434,658,66,4729,29,4.4,19,2.9,85,7.6,7.2,11.5,295.6,91.3,36,263,6.8,6.4,5.2,5,5,129.09,31,355,1265,8,48,3.6,79.1,20,-45.66,27,34,420,1,78,12.4,36,741,0,44,20.6,7462,29,5,5,13,13,7,7,5,3,31,29,37,37,69,3039,64,1,44,15,8,29,41,4,37,37,29,31,0,376,23.5,25,180,1080,36.7,15,6,33.2,1.92,24,400,5687,986,5.8,16,9,317,320,511,3684,22,7,6.8,195,441,2003,17,4.5,92,89,726,30,38.9,8,-94.29,19,320,511,62.6,3684,22,4.3,7,1.4,7.6,7.9,12.2,230.3,94.7,34,211,6.8,7,6.2,-121.34,22,441,2003,17,4.5,125.2,12.02,6,29,279,1,9.6,50,1102,1,22,4,33,29,44,43,74,18,17,22,43,44,29,33,400,25,3,175,1019,38.9,8,5.8,32.6,2.06
0.813,192,12,-1.9,10.1,6.3,3.8,2,6366,1090,5.8,25,14,380,402,588,4534,37,11,7.4,232,481,1832,12,3.8,112,100,805,36,39.9,12.2,135.85,5,402,588,68.4,4534,37,6.3,11,1.9,71,7.9,8.4,11.6,283.4,105.3,21,137,7.4,7.8,3.4,3,3,197.32,16,481,1832,12,31,3.8,114.5,22,-59.03,16,49,445,1,76,9.1,28,646,1,105,23.1,7671,8,7,7,11,10,9,5,4,3,32,26,55,55,67,3099,67,0,46.3,2,12,37,57,2,55,55,26,32,2,481,30.1,13,188,1122,39.9,12.2,6,33.9,2.24,4,289,4652,1015,4.6,24,8,287,321,559,3194,25,16,5.2,183,404,1458,5,3.6,73,123,951,31,26.9,11.9,91.32,3,321,559,57.4,3194,25,4.5,16,2.9,6.4,6,11.1,199.6,79.4,52,364,5.2,4.9,8.5,31.07,3,404,1458,5,3.6,91.1,45.6,17,33,197,0,6,34,751,0,22.1,25,25,22,29,29,94,31,5,25,29,29,22,25,289,18.1,27,193,1040,26.9,11.9,5.4,24.1,1.43
0.25,-65,-4.1,1.8,-2.3,2.1,-4.4,17,6540,1160,5.6,33,16,382,445,740,4927,22,17,6.4,272,391,1613,17,4.1,84,103,944,26,36,15.2,40.5,2,445,740,60.1,4927,22,3,17,2.3,57,6.9,6.5,11.5,307.9,81.5,29,212,6.4,6,3.8,3,3,77.79,23,391,1613,17,67,4.1,100.8,24,-34.12,28,35,302,0,48,8.6,34,681,0,40,20,7728,13,3,3,10,10,19,16,3,2,36,32,38,38,76,3149,58,0,41.4,17,17,22,39,1,38,38,32,36,1,372,23.3,3,197,1196,36,15.2,6.1,33.2,1.87,27,437,5458,998,5.5,17,6,305,346,544,3569,26,11,6.2,167,420,1889,13,4.5,107,93,789,31,36.8,8.4,-78.91,14,346,544,63.6,3569,26,4.8,11,2,7,7,11,223.1,91.7,34,237,6.2,6.2,5.9,-90.21,16,420,1889,13,4.5,118.1,12.64,5,33,328,2,9.9,52,1213,2,23.3,21,41,31,46,46,79,16,13,26,46,46,31,41,437,27.3,19,190,1039,36.8,8.4,5.5,28.5,1.93
0.688,97,6.1,1.2,7.3,4.9,2.4,5,5751,1042,5.5,16,8,341,374,558,4049,40,8,6.6,213,433,1702,9,3.9,85,103,923,43,37.6,8.1,149.37,9,374,558,67,4049,40,7.2,8,1.4,73,7.8,8.6,11.6,253.1,108.3,51,293,6.6,7.4,8.4,2,3,176.46,20,433,1702,9,41,3.9,106.4,16,-28.93,15,36,395,1,75,11,43,1074,0,46,25,7553,7,5,5,7,5,12,9,9,2,33,21,50,50,71,3043,65,1,42.9,5,9,40,53,3,50,50,21,33,0,433,27.1,18,186,1075,37.6,8.1,5.8,30.9,2.18,11,336,5388,1033,5.2,23,5,308,313,568,3492,24,18,5.7,191,418,1896,12,4.5,83,123,1055,34,33.2,11.8,-34.23,11,313,568,55.1,3492,24,4.2,18,3.2,6.7,6.1,12.1,218.3,76.8,47,309,5.7,5.1,7.6,-20.6,17,418,1896,12,4.5,118.5,-27.08,18,24,179,0,7.5,51,1193,0,23.4,26,30,26,34,34,75,28,12,24,34,34,26,30,336,21,17,187,1063,33.2,11.8,5.7,28.8,1.76
0.75,85,5.3,-1.8,3.5,1.8,1.7,8,5953,1090,5.5,17,4,341,354,554,3830,22,13,6.6,205,508,2123,19,4.2,114,108,873,22,35.6,8.4,84,11,354,554,63.9,3830,22,4,13,2.3,60,7.3,7,11.4,239.4,89.2,28,216,6.6,6.3,4.8,2,2,121,8,508,2123,19,81,4.2,132.7,12,-29.02,13,38,414,0,71,10.9,44,953,0,54,21.7,7574,1,8,8,11,11,9,7,9,4,38,31,45,45,88,4150,66,0,47.2,8,19,22,46,0,45,45,31,38,1,416,26,2,202,1128,35.6,8.4,5.6,29.5,1.88,10,331,5172,1015,5.1,29,14,292,308,581,3612,29,15,5.8,167,390,1560,5,4,94,90,863,31,28,14.5,53.85,16,308,581,53,3612,29,5,15,2.6,6.7,6.5,12.6,225.8,80,44,269,5.8,5.6,7,4.33,7,390,1560,5,4,97.5,45.18,20,48,483,1,10.1,62,1595,2,25.7,32,24,21,38,38,92,25,5,29,38,38,21,24,331,20.7,31,200,1039,28,14.5,5.2,26,1.54
0.688,-30,-1.9,-2.8,-4.7,-1.9,-2.8,18,5799,1109,5.2,27,9,360,339,628,4128,23,18,6.2,208,440,1671,11,3.8,110,94,801,42,33.3,13.9,70.29,7,339,628,54,4128,23,3.7,18,2.9,70,7,6.4,12.9,258,76.4,41,246,6.2,5.6,6.1,4,7,64.2,22,440,1671,11,26,3.8,104.4,21,5.52,25,28,312,1,75,11.1,43,957,1,101,22.3,7315,19,8,8,7,4,10,9,7,4,33,26,37,37,74,3500,64,1,47.3,18,11,23,40,2,37,37,26,33,0,357,22.3,26,180,1142,33.3,13.9,6.3,32.2,1.76,21,387,5988,995,6,15,3,325,334,535,3788,23,12,6.7,190,428,2200,14,5.1,102,128,1208,33,38.3,8.3,-111.63,21,334,535,62.4,3788,23,4.3,12,2.2,7.4,7.3,11.9,236.8,90.1,32,189,6.7,6.5,5.6,-115.08,29,428,2200,14,5.1,137.5,-9.75,7,32,375,1,11.7,34,841,0,24.7,14,41,32,39,39,71,15,14,23,39,39,32,41,387,24.2,6,180,1036,38.3,8.3,5.8,33.3,1.97
0.125,-189,-11.8,-1.1,-13,-8.1,-4.9,30,4788,994,4.8,26,9,269,328,586,3419,20,17,5.4,157,358,1369,5,3.8,76,101,955,36,25.5,12.8,-121.17,21,328,586,56,3419,20,3.4,17,2.9,81,6.4,5.8,11.4,213.7,74.7,50,327,5.4,4.8,7.9,1,1,-79.92,30,358,1369,5,59,3.8,85.6,20,-30.19,9,34,248,0,28,7.3,53,1114,0,38,21,6475,28,4,4,8,8,13,11,2,1,28,25,19,18,92,4353,73,1,47.3,30,5,20,26,7,18,19,25,28,0,255,15.9,4,196,1022,25.5,12.8,5.2,24.4,1.28,29,444,6088,1100,5.5,23,11,364,341,535,3832,21,12,6.9,194,545,2256,19,4.1,133,101,820,37,39.8,11,-117.47,22,341,535,63.7,3832,21,3.9,12,2.2,7.4,7.2,11.6,239.5,89.8,20,128,6.9,6.7,3.6,-112.85,30,545,2256,19,4.1,141,-9.45,24,40,495,2,12.4,39,1009,0,25.9,6,43,36,46,46,68,3,19,21,46,46,36,43,444,27.8,21,191,1143,39.8,11,6,31.9,2.03
0.125,-214,-13.4,-0.6,-14,-10.3,-3.7,32,5108,1015,5,37,17,286,273,475,2713,8,20,5.3,144,500,2395,9,4.8,118,92,733,24,24.2,18.8,-119.35,32,273,475,57.5,2713,8,1.7,20,4.2,57,6.2,4.6,10.8,169.6,63.8,40,224,5.3,3.8,7.8,1,1,-95.42,5,500,2395,9,91,4.8,149.7,26,-18.14,4,43,375,0,27,8.7,49,1059,0,41,21.6,6834,31,5,4,15,12,12,10,2,2,34,28,17,17,83,3887,71,0,46.8,32,9,8,18,1,17,17,28,34,1,211,13.2,17,186,1049,24.2,18.8,5.6,27.4,1.09,25,425,5704,973,5.9,13,6,301,279,464,3533,29,7,7.2,176,482,2171,11,4.5,106,81,670,19,40.4,6.2,-112.39,12,279,464,60.1,3533,29,6.3,7,1.5,8,8.5,13.2,220.8,99.9,27,161,7.2,7.7,5.5,-135.65,27,482,2171,11,4.5,135.7,16.17,29,27,362,2,13.4,27,690,0,25.6,2,38,32,47,47,74,1,11,29,47,47,32,38,425,26.6,5,178,1011,40.4,6.2,5.7,31.9,2.11
0.438,-29,-1.8,-0.8,-2.6,-5.5,2.9,27,4984,981,5.1,26,13,288,293,504,3182,13,13,5.9,158,440,1802,15,4.1,93,82,724,37,27.4,12.9,-38.78,26,293,504,58.1,3182,13,2.6,13,2.6,80,6.8,6.2,11.7,198.9,76.7,37,243,5.9,5.3,6.8,1,1,2,17,440,1802,15,65,4.1,112.6,25,-38.29,26,31,346,1,72,11.2,40,1082,1,96,27.1,6668,30,3,3,9,9,13,9,5,2,30,23,29,29,76,3779,67,0,49.7,27,15,13,31,2,29,29,23,30,0,288,18,16,186,1011,27.4,12.9,5.4,26.8,1.42,7,317,5708,1073,5.3,16,6,320,353,600,3974,18,10,6.2,215,431,1734,10,4,79,121,1045,26,32.2,8.2,-21.88,27,353,600,58.8,3974,18,3,10,1.7,7,6.9,11.9,248.4,83.4,42,242,6.2,6,6.5,-63.71,13,431,1734,10,4,108.4,28.28,9,43,484,1,11.3,35,868,1,24.8,3,40,31,30,30,86,6,10,18,30,30,31,40,317,19.8,13,183,1113,32.2,8.2,6.1,31.2,1.58
0.625,31,1.9,1.4,3.4,1.6,1.8,14,5385,1001,5.4,23,11,306,300,483,2751,18,12,5.3,163,486,2634,16,5.4,113,90,830,30,37.9,12.6,34.14,31,300,483,62.1,2751,18,3.7,12,2.5,65,6.1,5.7,9.8,171.9,81.2,32,184,5.3,5,6.2,1,2,24.46,2,486,2634,16,82,5.4,164.6,21,12.36,19,32,287,1,77,9,44,1171,1,105,26.6,7027,17,10,10,9,8,9,7,10,10,38,35,36,36,72,3237,59,0,45,14,16,18,39,3,36,36,35,38,0,379,23.7,24,182,1039,37.9,12.6,5.7,29.5,1.88,15,348,5600,1083,5.2,22,12,345,391,612,3908,28,10,6,229,427,1692,10,4,82,111,949,34,33.7,11.8,-52.32,24,391,612,63.9,3908,28,4.6,10,1.6,6.8,7,10.7,244.3,92.3,44,284,6,6.1,6.7,-110.94,11,427,1692,10,4,105.8,48.68,14,41,341,0,8.3,33,795,0,24.1,16,30,25,35,33,76,19,10,28,33,35,25,30,348,21.8,16,187,1113,33.7,11.8,6,30,1.82
0.75,226,14.1,-1.4,12.8,12.2,0.5,1,6846,1191,5.7,16,7,444,402,641,4662,34,9,7,256,523,2184,25,4.2,151,97,840,37,48.1,8.1,253.91,4,402,641,62.7,4662,34,5.3,9,1.4,83,7.6,8,12,291.4,97.7,27,182,7,7.4,4,1,2,235.67,7,523,2184,25,47,4.2,136.5,14,23.03,14,42,506,1,68,12,38,807,1,104,21.2,8415,3,8,8,12,10,13,9,2,2,35,29,66,66,61,2585,62,1,42.4,1,25,34,67,1,66,66,29,35,1,557,34.8,20,185,1226,48.1,8.1,6.6,37,2.74,9,331,5972,1046,5.7,41,21,340,369,594,4342,27,20,6.9,207,415,1630,10,3.9,100,101,932,33,30.1,20.4,-21.24,29,369,594,62.1,4342,27,4.5,20,3.4,7.7,7.1,12.3,271.4,86.9,37,213,6.9,6.3,5.9,-80.65,9,415,1630,10,3.9,101.9,56.92,19,23,154,0,6.7,60,1229,0,20.5,30,25,21,38,38,67,32,10,27,38,38,21,25,331,20.7,29,196,1071,30.1,20.4,5.5,30.3,1.68
0.438,7,0.4,1,1.4,6.5,-5.1,3,6574,1067,6.2,24,5,352,423,671,4997,43,19,7.2,267,370,1577,10,4.3,64,104,911,21,37.4,12.1,142.9,1,423,671,63,4997,43,6.4,19,2.8,80,7.7,7.7,12.3,312.3,96.4,26,190,7.2,7.2,3.7,1,2,157.98,25,370,1577,10,56,4.3,98.6,13,-7.95,18,25,190,0,37,7.6,51,1266,0,75,24.8,8222,9,9,9,6,4,3,2,4,3,22,18,57,57,74,3707,70,0,50.1,3,10,43,58,1,57,57,18,22,0,461,28.8,12,190,1089,37.4,12.1,5.7,34.7,2.24,31,454,7042,1089,6.5,26,11,380,370,602,4681,31,15,7.4,236,457,2361,18,5.2,116,102,835,28,39.6,13,-124.99,31,370,602,61.5,4681,31,5.1,15,2.5,8.1,8,13.2,292.6,93.8,30,194,7.4,7.3,4.7,-131.01,32,457,2361,18,5.2,147.6,-0.24,16,31,391,0,12.6,42,1049,1,25,23,33,27,53,53,63,30,18,31,53,53,27,33,454,28.4,23,192,1122,39.6,13,5.8,36.6,2.21
0.563,85,5.3,0.9,6.2,4,2.2,6,5687,968,5.9,21,6,327,323,539,3825,26,15,6.8,187,409,1862,18,4.6,103,72,578,37,43.8,11.9,103.44,12,323,539,59.9,3825,26,4.8,15,2.8,80,7.4,7.1,12.3,239.1,87.2,20,142,6.8,6.6,3.6,3,3,101.32,14,409,1862,18,52,4.6,116.4,13,3.39,12,20,144,0,18,7.2,63,1648,1,97,26.2,7727,22,11,11,16,14,9,7,3,1,39,33,46,46,58,2757,68,0,47.5,6,18,26,47,1,46,46,33,39,0,429,26.8,29,176,1007,43.8,11.9,5.7,32.3,2.31,13,344,6134,1016,6,35,14,317,341,534,4068,26,21,7.2,196,449,2066,9,4.6,104,102,900,17,35.4,17.1,-46.92,28,341,534,63.9,4068,26,4.9,21,3.9,8.1,7.3,12.6,254.3,88.7,33,231,7.2,6.4,5.8,-56.43,25,449,2066,9,4.6,129.1,3.04,21,38,353,0,9.3,70,1662,0,23.7,11,30,26,38,38,54,27,9,26,38,38,26,30,344,21.5,2,175,1046,35.4,17.1,6,35.1,1.89
0.375,-94,-5.9,0,-5.9,-5.1,-0.9,28,4787,1034,4.6,37,18,299,272,493,2891,14,19,5.4,162,494,1896,12,3.8,102,83,708,35,24.2,17.5,-93.73,30,272,493,55.2,2891,14,2.8,19,3.9,66,6.4,5.3,11.7,180.7,68.3,47,287,5.4,4.3,8.7,2,2,-65.56,12,494,1896,12,61,3.8,118.5,32,-18.59,22,23,238,1,68,10.3,50,1308,1,100,26.2,6688,23,8,7,8,6,7,5,4,3,27,21,30,30,86,3848,61,2,44.7,28,12,14,31,1,30,30,21,27,1,281,17.6,7,194,1061,24.2,17.5,5.5,24.6,1.26,20,375,5174,1019,5.1,23,12,293,266,494,3036,20,11,5.8,161,495,2138,17,4.3,96,109,805,36,30.6,11.4,8.59,2,266,494,53.8,3036,20,4,11,2.2,6.5,6.3,12.1,189.8,78.2,30,170,5.8,5.6,5.7,-26.39,26,495,2138,17,4.3,133.6,32.12,10,31,375,1,12.1,54,1184,1,21.9,12,31,22,43,43,89,5,17,20,43,43,22,31,375,23.4,26,193,1050,30.6,11.4,5.4,26.8,1.68
0.25,-153,-9.6,-1.3,-10.8,-4.6,-6.2,26,5504,1032,5.3,26,10,300,376,629,4084,24,16,6.2,200,376,1420,4,3.8,72,108,939,28,31.4,12.8,-40.18,8,376,629,59.8,4084,24,3.8,16,2.5,64,6.8,6.4,11.4,255.3,82.4,27,208,6.2,5.9,4.1,2,2,33.99,28,376,1420,4,64,3.8,88.8,22,-69.74,17,34,173,0,47,5.1,42,935,0,51,22.3,6771,25,9,9,10,10,5,5,9,6,34,31,25,25,82,3826,68,1,46.7,26,4,24,28,3,25,25,31,34,0,290,18.1,15,188,1066,31.4,12.8,5.7,29,1.54,28,443,5672,995,5.7,19,8,304,347,526,3775,28,11,6.9,180,444,1897,18,4.3,95,101,925,29,41.2,9.1,-98.96,20,347,526,66,3775,28,5.3,11,2.1,7.5,7.7,11.4,235.9,97.5,25,185,6.9,7,4.5,-108.43,18,444,1897,18,4.3,118.6,7.9,15,45,450,0,10,30,868,2,28.9,8,37,31,50,50,69,7,18,28,50,50,31,37,443,27.7,18,187,1033,41.2,9.1,5.5,30.3,2.22
0.25,-164,-10.3,1.4,-8.9,-5.3,-3.6,29,5665,1079,5.3,37,22,332,367,618,3791,18,15,5.7,190,413,1874,10,4.5,111,98,813,31,29.9,17.9,-50.97,13,367,618,59.4,3791,18,2.9,15,2.4,77,6.6,6.1,11.1,236.9,78.6,48,284,5.7,5.2,7.2,4,4,-0.36,13,413,1874,10,65,4.5,117.1,37,-50.24,7,30,310,1,98,10.3,60,1259,0,44,21,7463,32,9,8,9,8,12,11,1,,31,27,26,25,72,3336,66,1,46.3,29,10,18,29,3,25,26,27,31,0,280,17.5,21,184,1110,29.9,17.9,6,30.4,1.51,30,444,5491,994,5.5,13,5,317,292,485,3470,33,8,6.7,178,479,2021,11,4.2,108,118,996,31,39,6.6,-87.34,9,292,485,60.2,3470,33,6.8,8,1.6,7.6,8.2,12.6,216.9,99.6,30,198,6.7,7.3,5.8,-122.32,23,479,2021,11,4.2,126.3,25.8,26,40,542,1,13.6,41,1012,0,24.7,1,29,27,52,51,78,4,11,33,51,52,27,29,444,27.8,10,182,1023,39,6.6,5.6,30,2.14
0.5,22,1.4,-2,-0.7,-2.8,2.1,22,5324,1023,5.2,30,16,307,354,574,3787,27,14,6.2,202,412,1537,8,3.7,80,92,938,25,33.9,15.6,1.4,14,354,574,61.7,3787,27,4.7,14,2.4,82,7,6.8,11.3,236.7,88.1,37,225,6.2,6.1,6.1,3,4,65.43,26,412,1537,8,34,3.7,96.1,33,-58.31,11,41,300,0,63,7.3,43,1086,0,68,25.3,6946,20,8,7,8,8,12,12,3,1,31,28,34,34,79,3400,79,1,43,22,8,27,36,2,34,34,28,31,0,336,21,19,186,1054,33.9,15.6,5.7,28.6,1.77,6,314,4413,951,4.6,20,10,273,299,523,2963,19,10,5.3,169,391,1450,9,3.7,78,100,882,26,30.8,10.4,37.01,1,299,523,57.2,2963,19,3.6,10,1.9,6,5.9,10.6,185.2,79,37,196,5.3,5.2,6.6,-12.79,2,391,1450,9,3.7,90.6,37.13,22,30,306,1,10.2,46,1103,0,24,13,33,28,31,30,88,11,9,19,30,31,28,33,314,19.6,9,182,984,30.8,10.4,5.4,24.2,1.54
0.438,0,0,-2.3,-2.3,-2,-0.4,20,4756,988,4.8,26,11,293,338,528,3295,26,15,5.7,184,411,1461,4,3.6,81,103,796,28,30.6,13.9,-37.96,24,338,528,64,3295,26,4.9,15,2.8,80,6.8,6.5,10.7,205.9,88.5,49,311,5.7,5.4,8.5,0,0,20.85,27,411,1461,4,52,3.6,91.3,24,-48.67,23,33,320,1,63,9.7,40,957,1,99,23.9,6342,12,8,8,6,6,7,7,4,2,27,25,39,39,84,3914,66,3,46.6,20,4,26,39,0,39,39,25,27,1,350,21.9,27,180,1015,30.6,13.9,5.6,26.4,1.58,16,350,5223,1012,5.2,28,14,316,347,568,3681,28,14,6.1,201,406,1542,10,3.8,85,102,798,30,31.3,13.7,7.02,18,347,568,61.1,3681,28,4.9,14,2.5,6.9,6.8,11.3,230.1,87.9,38,244,6.1,6,6.3,-53.69,6,406,1542,10,3.8,96.4,56.26,11,40,362,0,9.1,45,1017,0,22.6,20,21,19,39,39,80,13,10,28,39,39,19,21,350,21.9,11,182,1033,31.3,13.7,5.7,28.3,1.77
0.719,124,7.8,2.5,10.2,3.5,6.7,11,5789,969,6,16,8,322,289,436,3298,23,8,6.9,172,492,2491,17,5.1,128,109,960,22,39.3,7.9,147.79,23,289,436,66.3,3298,23,5.3,8,1.8,57,8.1,8.4,12.3,206.1,101.2,41,253,6.9,7.1,8.6,2,2,100.46,4,492,2491,17,50,5.1,155.7,26,55.54,10,36,378,0,38,10.5,49,1216,0,94,24.8,7774,10,9,8,13,11,13,7,6,2,42,29,44,44,67,3226,66,0,48.1,11,17,23,44,0,44,44,29,42,1,397,24.8,28,178,1011,39.3,7.9,5.7,32.5,2.1,2,273,4710,1012,4.7,25,11,284,337,567,3203,19,14,5.3,178,407,1507,7,3.7,72,93,758,34,26.7,12.8,25.05,4,337,567,59.4,3203,19,3.4,14,2.5,6.1,5.7,10.3,200.2,78,38,270,5.3,4.9,6.3,-34.6,4,407,1507,7,3.7,94.2,56.1,23,36,249,1,6.9,48,1289,0,26.9,24,27,22,27,27,79,22,7,19,27,27,22,27,273,17.1,7,180,1039,26.7,12.8,5.8,26.2,1.38
0.688,167,10.4,1.8,12.2,4.5,7.7,9,5610,974,5.8,18,8,311,259,405,3031,27,10,6.9,153,536,2579,16,4.8,129,110,890,29,39.4,10,129.06,27,259,405,64,3031,27,6.7,10,2.5,67,8,8.2,12.5,189.4,100.6,33,203,6.9,7.1,7.5,4,5,129.26,3,536,2579,16,77,4.8,161.2,16,14.14,24,42,355,0,52,8.5,29,787,1,98,27.1,6985,26,7,7,10,10,5,5,4,1,27,24,48,46,65,2963,73,0,45.6,9,16,27,49,0,46,48,24,27,0,412,25.8,32,170,1001,39.4,10,5.9,32.9,2.19,1,245,4899,968,5.1,31,13,295,327,564,3250,15,18,5.4,186,368,1649,8,4.5,80,102,902,29,27.2,16,27.33,6,327,564,58,3250,15,2.7,18,3.2,6.2,5.3,10.7,203.1,71.8,36,247,5.4,4.6,6,17.48,10,368,1649,8,4.5,103.1,-1.97,8,29,252,0,8.7,50,1147,0,22.9,7,25,23,24,24,78,24,8,15,24,24,23,25,245,15.3,1,169,993,27.2,16,5.9,29,1.36
0.469,-49,-3.1,3.4,0.4,-2.1,2.4,25,5264,1002,5.3,22,8,287,332,557,3550,22,14,6,189,410,1714,5,4.2,79,130,978,19,27.5,11,-27.88,18,332,557,59.6,3550,22,3.9,14,2.5,80,6.8,6.5,11.4,221.9,82.7,35,233,6,5.7,5.9,4,3,19.1,19,410,1714,5,53,4.2,107.1,24,-38.58,20,37,245,0,23,6.6,38,799,0,48,21,6546,27,4,4,6,4,7,7,13,7,31,23,26,26,82,3756,68,0,45.8,25,5,22,32,6,26,26,23,31,1,299,18.7,23,182,1033,27.5,11,5.7,28.9,1.42,14,348,5482,1041,5.3,21,4,327,362,547,3602,16,17,6,197,442,1880,18,4.3,107,90,758,23,34.6,10.8,-1.27,15,362,547,66.2,3602,16,2.9,17,3.1,7.2,6.4,10.8,225.1,83.9,52,325,6,5.3,8.7,-10.28,15,442,1880,18,4.3,117.5,9.58,13,41,402,0,9.8,30,730,0,24.3,5,37,30,36,36,73,8,18,16,36,36,30,37,348,21.8,14,185,1078,34.6,10.8,5.8,29.6,1.77
0.438,-5,-0.3,0.3,0,1.3,-1.3,13,5820,1008,5.8,23,6,301,311,566,3983,27,17,6.7,188,416,1837,13,4.4,89,101,819,24,35.2,10.9,37.78,10,311,566,54.9,3983,27,4.8,17,3,95,7.3,6.9,13.3,248.9,81.8,26,161,6.7,6.3,4.4,1,1,47.58,15,416,1837,13,70,4.4,114.8,16,-4.23,30,36,324,0,39,9,31,630,0,55,20.3,6928,16,7,7,4,3,13,12,9,6,33,28,39,39,77,3440,64,1,44.7,13,13,27,44,4,39,39,28,33,0,389,24.3,9,193,1041,35.2,10.9,5.4,30.1,1.89,23,394,6078,1031,5.9,26,8,329,410,627,4758,30,18,7.3,226,377,1320,13,3.5,75,103,851,28,32.8,12.5,-58.96,32,410,627,65.4,4758,30,4.8,18,2.9,7.9,7.6,12.1,297.4,93.5,27,193,7.3,7,4.1,-112.61,1,377,1320,13,3.5,82.5,53.31,3,40,440,0,11,27,680,0,25.2,17,28,19,45,45,79,20,13,30,45,45,19,28,394,24.6,24,192,1059,32.8,12.5,5.5,31.6,1.9
0.375,-141,-8.8,-1.2,-10,-2.6,-7.4,23,5010,957,5.2,28,12,260,318,540,3323,17,16,5.7,166,378,1687,10,4.5,70,106,847,24,27.7,14.9,-70.69,22,318,540,58.9,3323,17,3.1,16,3,71,6.6,5.9,11.2,207.7,76.9,39,254,5.7,5.1,6.7,2,3,-34.38,21,378,1687,10,94,4.5,105.4,21,-28.56,2,31,475,3,81,15.3,63,1489,1,105,23.6,7300,15,6,6,13,13,10,5,2,1,31,25,35,35,83,3855,71,2,46.4,23,10,17,36,1,35,35,25,31,1,330,20.6,14,188,988,27.7,14.9,5.3,26.6,1.4,32,471,5999,1086,5.5,24,5,358,374,564,3964,31,19,6.6,210,483,2035,16,4.2,122,86,717,26,39.8,12.6,-57.49,26,374,564,66.3,3964,31,5.5,19,3.4,7.5,7,11.2,247.8,92.7,39,241,6.6,6.2,6.5,-61.42,24,483,2035,16,4.2,127.2,2.24,31,39,405,0,10.4,33,860,1,26.1,18,31,29,52,52,70,10,16,31,52,52,29,31,471,29.4,22,191,1117,39.8,12.6,5.8,31.4,2.18
0.625,48,3,0.4,3.4,4.6,-1.2,4,6131,994,6.2,14,6,341,291,442,3422,24,8,7.2,171,519,2709,22,5.2,144,116,985,26,39.3,7.7,130.52,20,291,442,65.8,3422,24,5.4,8,1.8,88,8.3,8.6,12.6,213.9,102.1,33,244,7.2,7.5,6.9,4,3,94.01,1,519,2709,22,76,5.2,169.3,26,49.66,21,36,335,0,64,9.3,38,892,0,55,23.5,7660,11,4,4,8,5,15,14,3,1,30,24,51,50,70,2984,61,2,42.6,4,22,24,52,1,50,51,24,30,0,436,27.3,22,183,1024,39.3,7.7,5.6,33.6,2.23,22,388,6043,1031,5.9,31,10,340,393,636,4511,31,21,6.8,223,363,1532,11,4.2,89,100,811,28,38.3,16.9,-72.09,30,393,636,61.8,4511,31,4.9,21,3.3,7.4,6.9,12,281.9,87,32,209,6.8,6.3,4.8,-90.01,5,363,1532,11,4.2,95.8,10.15,12,39,320,0,8.2,55,1264,0,23,22,30,28,36,36,65,29,11,31,36,36,28,30,388,24.3,12,183,1061,38.3,16.9,5.8,32.9,2.07
